CREATE TABLE continents (
    id integer NOT NULL,
    name character varying(200) NOT NULL
);

CREATE TABLE matches (
    id integer NOT NULL,
    home character(3) NOT NULL,
    away character(3) NOT NULL,
    datetime timestamp without time zone NOT NULL,
    stage integer NOT NULL
);

CREATE TABLE nationalteams (
    short_name character(3) NOT NULL,
    name character varying(200) NOT NULL,
    group_phase character(1) NOT NULL,
    continent integer
);

CREATE TABLE players (
    id integer NOT NULL,
    name character varying(100) NOT NULL,
    birth_year integer,
    playing_position character varying(10) DEFAULT NULL::character varying,
    local_club character varying(100) DEFAULT NULL::character varying,
    national_team character(3) NOT NULL
);

CREATE TABLE scores (
    id integer NOT NULL,
    match_id integer NOT NULL,
    team_id character(3) NOT NULL,
    player_id integer NOT NULL,
    minute integer,
    score_type integer
);

CREATE TABLE stages (
    id integer NOT NULL,
    name character varying(100) DEFAULT NULL::character varying
);

INSERT INTO public.continents (id, name) VALUES (1, 'Africa');
INSERT INTO public.continents (id, name) VALUES (2, 'Asia');
INSERT INTO public.continents (id, name) VALUES (3, 'Europe');
INSERT INTO public.continents (id, name) VALUES (4, 'North and Central America');
INSERT INTO public.continents (id, name) VALUES (5, 'South America');

INSERT INTO public.matches (id, home, away, datetime, stage) VALUES (0, 'QAT', 'ECU', '2022-11-20 13:00:00', 1);
INSERT INTO public.matches (id, home, away, datetime, stage) VALUES (1, 'ENG', 'IRN', '2022-11-21 10:00:00', 1);
INSERT INTO public.matches (id, home, away, datetime, stage) VALUES (2, 'SEN', 'NLD', '2022-11-21 13:00:00', 1);
INSERT INTO public.matches (id, home, away, datetime, stage) VALUES (3, 'USA', 'WAL', '2022-11-21 16:00:00', 1);
INSERT INTO public.matches (id, home, away, datetime, stage) VALUES (4, 'ARG', 'SAU', '2022-11-22 07:00:00', 1);
INSERT INTO public.matches (id, home, away, datetime, stage) VALUES (5, 'DEN', 'TUN', '2022-11-22 10:00:00', 1);
INSERT INTO public.matches (id, home, away, datetime, stage) VALUES (6, 'MEX', 'POL', '2022-11-22 13:00:00', 1);
INSERT INTO public.matches (id, home, away, datetime, stage) VALUES (7, 'FRA', 'AUS', '2022-11-22 16:00:00', 1);
INSERT INTO public.matches (id, home, away, datetime, stage) VALUES (8, 'MAR', 'CRO', '2022-11-23 07:00:00', 1);
INSERT INTO public.matches (id, home, away, datetime, stage) VALUES (9, 'GER', 'JPN', '2022-11-23 10:00:00', 1);
INSERT INTO public.matches (id, home, away, datetime, stage) VALUES (10, 'ESP', 'CRC', '2022-11-23 13:00:00', 1);
INSERT INTO public.matches (id, home, away, datetime, stage) VALUES (11, 'BEL', 'CAN', '2022-11-23 16:00:00', 1);
INSERT INTO public.matches (id, home, away, datetime, stage) VALUES (12, 'SUI', 'CMR', '2022-11-24 07:00:00', 1);
INSERT INTO public.matches (id, home, away, datetime, stage) VALUES (13, 'URU', 'KOR', '2022-11-24 10:00:00', 1);
INSERT INTO public.matches (id, home, away, datetime, stage) VALUES (14, 'PRT', 'GHA', '2022-11-24 13:00:00', 1);
INSERT INTO public.matches (id, home, away, datetime, stage) VALUES (15, 'BRA', 'SRB', '2022-11-24 16:00:00', 1);
INSERT INTO public.matches (id, home, away, datetime, stage) VALUES (16, 'WAL', 'IRN', '2022-11-25 07:00:00', 1);
INSERT INTO public.matches (id, home, away, datetime, stage) VALUES (17, 'QAT', 'SEN', '2022-11-25 10:00:00', 1);
INSERT INTO public.matches (id, home, away, datetime, stage) VALUES (18, 'NLD', 'ECU', '2022-11-25 13:00:00', 1);
INSERT INTO public.matches (id, home, away, datetime, stage) VALUES (19, 'ENG', 'USA', '2022-11-25 16:00:00', 1);
INSERT INTO public.matches (id, home, away, datetime, stage) VALUES (20, 'TUN', 'AUS', '2022-11-26 07:00:00', 1);
INSERT INTO public.matches (id, home, away, datetime, stage) VALUES (21, 'POL', 'SAU', '2022-11-26 10:00:00', 1);
INSERT INTO public.matches (id, home, away, datetime, stage) VALUES (22, 'FRA', 'DEN', '2022-11-26 13:00:00', 1);
INSERT INTO public.matches (id, home, away, datetime, stage) VALUES (23, 'ARG', 'MEX', '2022-11-26 16:00:00', 1);
INSERT INTO public.matches (id, home, away, datetime, stage) VALUES (24, 'JPN', 'CRC', '2022-11-27 07:00:00', 1);
INSERT INTO public.matches (id, home, away, datetime, stage) VALUES (25, 'BEL', 'MAR', '2022-11-27 10:00:00', 1);
INSERT INTO public.matches (id, home, away, datetime, stage) VALUES (26, 'CRO', 'CAN', '2022-11-27 13:00:00', 1);
INSERT INTO public.matches (id, home, away, datetime, stage) VALUES (27, 'ESP', 'GER', '2022-11-27 16:00:00', 1);
INSERT INTO public.matches (id, home, away, datetime, stage) VALUES (28, 'CMR', 'SRB', '2022-11-28 07:00:00', 1);
INSERT INTO public.matches (id, home, away, datetime, stage) VALUES (29, 'KOR', 'GHA', '2022-11-28 10:00:00', 1);
INSERT INTO public.matches (id, home, away, datetime, stage) VALUES (30, 'BRA', 'SUI', '2022-11-28 13:00:00', 1);
INSERT INTO public.matches (id, home, away, datetime, stage) VALUES (31, 'PRT', 'URU', '2022-11-28 16:00:00', 1);
INSERT INTO public.matches (id, home, away, datetime, stage) VALUES (32, 'NLD', 'QAT', '2022-11-29 12:00:00', 1);
INSERT INTO public.matches (id, home, away, datetime, stage) VALUES (33, 'ECU', 'SEN', '2022-11-29 17:00:00', 1);
INSERT INTO public.matches (id, home, away, datetime, stage) VALUES (34, 'WAL', 'ENG', '2022-11-29 16:00:00', 1);
INSERT INTO public.matches (id, home, away, datetime, stage) VALUES (35, 'IRN', 'USA', '2022-11-29 16:00:00', 1);
INSERT INTO public.matches (id, home, away, datetime, stage) VALUES (36, 'AUS', 'DEN', '2022-11-30 12:00:00', 1);
INSERT INTO public.matches (id, home, away, datetime, stage) VALUES (37, 'TUN', 'FRA', '2022-11-30 12:00:00', 1);
INSERT INTO public.matches (id, home, away, datetime, stage) VALUES (38, 'POL', 'ARG', '2022-11-30 16:00:00', 1);
INSERT INTO public.matches (id, home, away, datetime, stage) VALUES (39, 'SAU', 'MEX', '2022-11-30 16:00:00', 1);
INSERT INTO public.matches (id, home, away, datetime, stage) VALUES (40, 'CRO', 'BEL', '2022-12-01 12:00:00', 1);
INSERT INTO public.matches (id, home, away, datetime, stage) VALUES (41, 'CAN', 'MAR', '2022-12-01 12:00:00', 1);
INSERT INTO public.matches (id, home, away, datetime, stage) VALUES (42, 'JPN', 'ESP', '2022-12-01 16:00:00', 1);
INSERT INTO public.matches (id, home, away, datetime, stage) VALUES (43, 'CRC', 'GER', '2022-12-01 16:00:00', 1);
INSERT INTO public.matches (id, home, away, datetime, stage) VALUES (44, 'GHA', 'URU', '2022-12-02 12:00:00', 1);
INSERT INTO public.matches (id, home, away, datetime, stage) VALUES (45, 'KOR', 'PRT', '2022-12-02 12:00:00', 1);
INSERT INTO public.matches (id, home, away, datetime, stage) VALUES (46, 'SRB', 'SUI', '2022-12-02 16:00:00', 1);
INSERT INTO public.matches (id, home, away, datetime, stage) VALUES (47, 'CMR', 'BRA', '2022-12-02 16:00:00', 1);
INSERT INTO public.matches (id, home, away, datetime, stage) VALUES (48, 'NLD', 'USA', '2022-12-03 12:00:00', 2);
INSERT INTO public.matches (id, home, away, datetime, stage) VALUES (49, 'ARG', 'AUS', '2022-12-03 16:00:00', 2);
INSERT INTO public.matches (id, home, away, datetime, stage) VALUES (50, 'FRA', 'POL', '2022-12-04 12:00:00', 2);
INSERT INTO public.matches (id, home, away, datetime, stage) VALUES (51, 'ENG', 'SEN', '2022-12-04 16:00:00', 2);
INSERT INTO public.matches (id, home, away, datetime, stage) VALUES (52, 'JPN', 'CRO', '2022-12-05 12:00:00', 2);
INSERT INTO public.matches (id, home, away, datetime, stage) VALUES (53, 'BRA', 'KOR', '2022-12-05 16:00:00', 2);
INSERT INTO public.matches (id, home, away, datetime, stage) VALUES (54, 'MAR', 'ESP', '2022-12-06 12:00:00', 2);
INSERT INTO public.matches (id, home, away, datetime, stage) VALUES (55, 'PRT', 'SUI', '2022-12-06 16:00:00', 2);
INSERT INTO public.matches (id, home, away, datetime, stage) VALUES (56, 'CRO', 'BRA', '2022-12-09 12:00:00', 3);
INSERT INTO public.matches (id, home, away, datetime, stage) VALUES (57, 'NLD', 'ARG', '2022-12-09 16:00:00', 3);
INSERT INTO public.matches (id, home, away, datetime, stage) VALUES (58, 'MAR', 'PRT', '2022-12-10 12:00:00', 3);
INSERT INTO public.matches (id, home, away, datetime, stage) VALUES (59, 'ENG', 'FRA', '2022-12-10 16:00:00', 3);
INSERT INTO public.matches (id, home, away, datetime, stage) VALUES (60, 'ARG', 'CRO', '2022-12-13 16:00:00', 4);
INSERT INTO public.matches (id, home, away, datetime, stage) VALUES (61, 'FRA', 'MAR', '2022-12-14 16:00:00', 4);
INSERT INTO public.matches (id, home, away, datetime, stage) VALUES (62, 'CRO', 'MAR', '2022-12-17 12:00:00', 5);
INSERT INTO public.matches (id, home, away, datetime, stage) VALUES (63, 'ARG', 'FRA', '2022-12-18 12:00:00', 6);

INSERT INTO public.nationalteams (short_name, name, group_phase, continent) VALUES ('ARG', 'Argentina', 'C', 5);
INSERT INTO public.nationalteams (short_name, name, group_phase, continent) VALUES ('AUS', 'Australia', 'D', 2);
INSERT INTO public.nationalteams (short_name, name, group_phase, continent) VALUES ('BEL', 'Belgium', 'F', 3);
INSERT INTO public.nationalteams (short_name, name, group_phase, continent) VALUES ('BRA', 'Brazil', 'G', 5);
INSERT INTO public.nationalteams (short_name, name, group_phase, continent) VALUES ('CMR', 'Cameroon', 'G', 1);
INSERT INTO public.nationalteams (short_name, name, group_phase, continent) VALUES ('CAN', 'Canada', 'F', 4);
INSERT INTO public.nationalteams (short_name, name, group_phase, continent) VALUES ('CRC', 'Costa Rica', 'E', 4);
INSERT INTO public.nationalteams (short_name, name, group_phase, continent) VALUES ('CRO', 'Croatia', 'F', 3);
INSERT INTO public.nationalteams (short_name, name, group_phase, continent) VALUES ('DEN', 'Denmark', 'D', 3);
INSERT INTO public.nationalteams (short_name, name, group_phase, continent) VALUES ('ECU', 'Ecuador', 'A', 5);
INSERT INTO public.nationalteams (short_name, name, group_phase, continent) VALUES ('ENG', 'England', 'B', 3);
INSERT INTO public.nationalteams (short_name, name, group_phase, continent) VALUES ('FRA', 'France', 'D', 3);
INSERT INTO public.nationalteams (short_name, name, group_phase, continent) VALUES ('GER', 'Germany', 'E', 3);
INSERT INTO public.nationalteams (short_name, name, group_phase, continent) VALUES ('GHA', 'Ghana', 'H', 1);
INSERT INTO public.nationalteams (short_name, name, group_phase, continent) VALUES ('IRN', 'Iran', 'B', 2);
INSERT INTO public.nationalteams (short_name, name, group_phase, continent) VALUES ('JPN', 'Japan', 'E', 2);
INSERT INTO public.nationalteams (short_name, name, group_phase, continent) VALUES ('KOR', 'Korea Republic', 'H', 2);
INSERT INTO public.nationalteams (short_name, name, group_phase, continent) VALUES ('MEX', 'Mexico', 'C', 4);
INSERT INTO public.nationalteams (short_name, name, group_phase, continent) VALUES ('MAR', 'Morocco', 'F', 1);
INSERT INTO public.nationalteams (short_name, name, group_phase, continent) VALUES ('NLD', 'Netherlands', 'A', 3);
INSERT INTO public.nationalteams (short_name, name, group_phase, continent) VALUES ('POL', 'Poland', 'C', 3);
INSERT INTO public.nationalteams (short_name, name, group_phase, continent) VALUES ('PRT', 'Portugal', 'H', 3);
INSERT INTO public.nationalteams (short_name, name, group_phase, continent) VALUES ('QAT', 'Qatar', 'A', 2);
INSERT INTO public.nationalteams (short_name, name, group_phase, continent) VALUES ('SAU', 'Saudi Arabia', 'C', 2);
INSERT INTO public.nationalteams (short_name, name, group_phase, continent) VALUES ('SEN', 'Senegal', 'A', 1);
INSERT INTO public.nationalteams (short_name, name, group_phase, continent) VALUES ('SRB', 'Serbia', 'G', 3);
INSERT INTO public.nationalteams (short_name, name, group_phase, continent) VALUES ('ESP', 'Spain', 'E', 3);
INSERT INTO public.nationalteams (short_name, name, group_phase, continent) VALUES ('SUI', 'Switzerland', 'G', 3);
INSERT INTO public.nationalteams (short_name, name, group_phase, continent) VALUES ('TUN', 'Tunisia', 'D', 1);
INSERT INTO public.nationalteams (short_name, name, group_phase, continent) VALUES ('USA', 'United States', 'B', 4);
INSERT INTO public.nationalteams (short_name, name, group_phase, continent) VALUES ('URU', 'Uruguay', 'H', 5);
INSERT INTO public.nationalteams (short_name, name, group_phase, continent) VALUES ('WAL', 'Wales', 'B', 3);

INSERT INTO public.players (id, name, birth_year, playing_position, local_club, national_team) VALUES (0, 'Aaron Mooy', 1990, 'MF', 'Celtic', 'AUS');
INSERT INTO public.players (id, name, birth_year, playing_position, local_club, national_team) VALUES (1, 'Aaron Ramsey', 1990, 'MF', 'Nice', 'WAL');
INSERT INTO public.players (id, name, birth_year, playing_position, local_club, national_team) VALUES (2, 'Abdelhamid Sabiri', 1996, 'MF', 'Sampdoria', 'MAR');
INSERT INTO public.players (id, name, birth_year, playing_position, local_club, national_team) VALUES (3, 'Abdelkarim Hassan', 1993, 'DF', 'Al Sadd SC', 'QAT');
INSERT INTO public.players (id, name, birth_year, playing_position, local_club, national_team) VALUES (4, 'Abderrazak Hamdallah', 1990, 'FW', 'Al-Ittihad', 'MAR');
INSERT INTO public.players (id, name, birth_year, playing_position, local_club, national_team) VALUES (5, 'Abdessamad Ezzalzouli', 2001, 'FW', 'Osasuna', 'MAR');
INSERT INTO public.players (id, name, birth_year, playing_position, local_club, national_team) VALUES (6, 'Abdou Diallo', 1996, 'DF', 'RB Leipzig', 'SEN');
INSERT INTO public.players (id, name, birth_year, playing_position, local_club, national_team) VALUES (7, 'Abdul Fatawu Issahaku', 2004, 'FW', 'Sporting CP', 'GHA');
INSERT INTO public.players (id, name, birth_year, playing_position, local_club, national_team) VALUES (8, 'Abdulaziz Hatem', 1990, 'MF', 'Al Rayyan SC', 'QAT');
INSERT INTO public.players (id, name, birth_year, playing_position, local_club, national_team) VALUES (9, 'Abdulelah Al-Amri', 1997, 'DF', 'Al-Nassr', 'SAU');
INSERT INTO public.players (id, name, birth_year, playing_position, local_club, national_team) VALUES (10, 'Abdulellah Al-Malki', 1994, 'MF', 'Al-Hilal', 'SAU');
INSERT INTO public.players (id, name, birth_year, playing_position, local_club, national_team) VALUES (11, 'Abdullah Madu', 1993, 'DF', 'Al-Nassr', 'SAU');
INSERT INTO public.players (id, name, birth_year, playing_position, local_club, national_team) VALUES (12, 'Abdulrahman Al-Aboud', 1995, 'MF', 'Al-Ittihad', 'SAU');
INSERT INTO public.players (id, name, birth_year, playing_position, local_club, national_team) VALUES (13, 'Abolfazl Jalali', 1998, 'DF', 'Esteghlal', 'IRN');
INSERT INTO public.players (id, name, birth_year, playing_position, local_club, national_team) VALUES (14, 'Achraf Dari', 1999, 'DF', 'Brest', 'MAR');
INSERT INTO public.players (id, name, birth_year, playing_position, local_club, national_team) VALUES (15, 'Achraf Hakimi', 1998, 'DF', 'Paris S-G', 'MAR');
INSERT INTO public.players (id, name, birth_year, playing_position, local_club, national_team) VALUES (16, 'Adrien Rabiot', 1995, 'MF', 'Juventus', 'FRA');
INSERT INTO public.players (id, name, birth_year, playing_position, local_club, national_team) VALUES (17, 'Agustín Canobbio', 1998, 'MF', 'Atl Paranaense', 'URU');
INSERT INTO public.players (id, name, birth_year, playing_position, local_club, national_team) VALUES (18, 'Ahmad Nourollahi', 1993, 'MF', 'Al-Ahli Dubai FC', 'IRN');
INSERT INTO public.players (id, name, birth_year, playing_position, local_club, national_team) VALUES (19, 'Ahmed Alaaeldin', 1993, 'FW', 'Al-Gharafa Sports Club', 'QAT');
INSERT INTO public.players (id, name, birth_year, playing_position, local_club, national_team) VALUES (20, 'Aimen Dahmen', 1997, 'GK', 'CS Sfaxien', 'TUN');
INSERT INTO public.players (id, name, birth_year, playing_position, local_club, national_team) VALUES (21, 'Ajdin Hrustic', 1996, 'MF', 'Hellas Verona', 'AUS');
INSERT INTO public.players (id, name, birth_year, playing_position, local_club, national_team) VALUES (22, 'Akram Afif', 1996, 'FW', 'Al Sadd SC', 'QAT');
INSERT INTO public.players (id, name, birth_year, playing_position, local_club, national_team) VALUES (23, 'Alan Franco', 1998, 'MF', 'Talleres', 'ECU');
INSERT INTO public.players (id, name, birth_year, playing_position, local_club, national_team) VALUES (24, 'Alejandro Balde', 2003, 'DF', 'Barcelona', 'ESP');
INSERT INTO public.players (id, name, birth_year, playing_position, local_club, national_team) VALUES (25, 'Aleksandar Mitrović', 1994, 'FW', 'Fulham', 'SRB');
INSERT INTO public.players (id, name, birth_year, playing_position, local_club, national_team) VALUES (26, 'Alex Sandro', 1991, 'DF', 'Juventus', 'BRA');
INSERT INTO public.players (id, name, birth_year, playing_position, local_club, national_team) VALUES (27, 'Alex Telles', 1992, 'DF', 'Sevilla', 'BRA');
INSERT INTO public.players (id, name, birth_year, playing_position, local_club, national_team) VALUES (28, 'Alexander Bah', 1997, 'DF', 'Benfica', 'DEN');
INSERT INTO public.players (id, name, birth_year, playing_position, local_club, national_team) VALUES (29, 'Alexander Djiku', 1994, 'DF', 'Strasbourg', 'GHA');
INSERT INTO public.players (id, name, birth_year, playing_position, local_club, national_team) VALUES (30, 'Alexis Mac Allister', 1998, 'MF', 'Brighton', 'ARG');
INSERT INTO public.players (id, name, birth_year, playing_position, local_club, national_team) VALUES (31, 'Alexis Vega', 1997, 'FW', 'Guadalajara', 'MEX');
INSERT INTO public.players (id, name, birth_year, playing_position, local_club, national_team) VALUES (32, 'Ali Abdi', 1993, 'DF', 'Caen', 'TUN');
INSERT INTO public.players (id, name, birth_year, playing_position, local_club, national_team) VALUES (33, 'Ali Al Hassan', 1997, 'MF', 'Al-Nassr', 'SAU');
INSERT INTO public.players (id, name, birth_year, playing_position, local_club, national_team) VALUES (34, 'Ali Al-Bulaihi', 1989, 'DF', 'Al-Hilal', 'SAU');
INSERT INTO public.players (id, name, birth_year, playing_position, local_club, national_team) VALUES (35, 'Ali Assadalla', 1993, 'MF', 'Al Sadd SC', 'QAT');
INSERT INTO public.players (id, name, birth_year, playing_position, local_club, national_team) VALUES (36, 'Ali Gholizadeh', 1996, 'MF', 'Charleroi', 'IRN');
INSERT INTO public.players (id, name, birth_year, playing_position, local_club, national_team) VALUES (37, 'Ali Karimi', 1994, 'MF', 'Kayserispor', 'IRN');
INSERT INTO public.players (id, name, birth_year, playing_position, local_club, national_team) VALUES (38, 'Ali Maâloul', 1990, 'DF', 'Al Ahly SC', 'TUN');
INSERT INTO public.players (id, name, birth_year, playing_position, local_club, national_team) VALUES (39, 'Alidu Seidu', 2000, 'DF', 'Clermont Foot', 'GHA');
INSERT INTO public.players (id, name, birth_year, playing_position, local_club, national_team) VALUES (40, 'Alireza Beiranvand', 1992, 'GK', 'Persepolis', 'IRN');
INSERT INTO public.players (id, name, birth_year, playing_position, local_club, national_team) VALUES (41, 'Alireza Jahanbakhsh', 1993, 'MF', 'Feyenoord', 'IRN');
INSERT INTO public.players (id, name, birth_year, playing_position, local_club, national_team) VALUES (42, 'Alisson', 1992, 'GK', 'Liverpool', 'BRA');
INSERT INTO public.players (id, name, birth_year, playing_position, local_club, national_team) VALUES (43, 'Alistair Johnston', 1998, 'DF', 'CF Montréal', 'CAN');
INSERT INTO public.players (id, name, birth_year, playing_position, local_club, national_team) VALUES (44, 'Almoez Ali', 1996, 'FW', 'Al Duhail SC', 'QAT');
INSERT INTO public.players (id, name, birth_year, playing_position, local_club, national_team) VALUES (45, 'Alphonso Davies', 2000, 'MF', 'Bayern Munich', 'CAN');
INSERT INTO public.players (id, name, birth_year, playing_position, local_club, national_team) VALUES (46, 'Amadou Onana', 2001, 'MF', 'Everton', 'BEL');
INSERT INTO public.players (id, name, birth_year, playing_position, local_club, national_team) VALUES (47, 'Anass Zaroury', 2000, 'FW', 'Burnley', 'MAR');
INSERT INTO public.players (id, name, birth_year, playing_position, local_club, national_team) VALUES (48, 'Andre-Frank Zambo Anguissa', 1995, 'MF', 'Napoli', 'CMR');
INSERT INTO public.players (id, name, birth_year, playing_position, local_club, national_team) VALUES (49, 'Andreas Christensen', 1996, 'DF', 'Barcelona', 'DEN');
INSERT INTO public.players (id, name, birth_year, playing_position, local_club, national_team) VALUES (50, 'Andreas Cornelius', 1993, 'FW', 'FC Copenhagen', 'DEN');
INSERT INTO public.players (id, name, birth_year, playing_position, local_club, national_team) VALUES (51, 'Andreas Skov Olsen', 1999, 'FW', 'Club Brugge', 'DEN');
INSERT INTO public.players (id, name, birth_year, playing_position, local_club, national_team) VALUES (52, 'Andrej Kramarić', 1991, 'FW', 'Hoffenheim', 'CRO');
INSERT INTO public.players (id, name, birth_year, playing_position, local_club, national_team) VALUES (53, 'Andries Noppert', 1994, 'GK', 'Heerenveen', 'NLD');
INSERT INTO public.players (id, name, birth_year, playing_position, local_club, national_team) VALUES (54, 'Andrija Živković', 1996, 'DF', 'PAOK', 'SRB');
INSERT INTO public.players (id, name, birth_year, playing_position, local_club, national_team) VALUES (55, 'André Ayew', 1989, 'MF', 'Al Sadd SC', 'GHA');
INSERT INTO public.players (id, name, birth_year, playing_position, local_club, national_team) VALUES (56, 'André Onana', 1996, 'GK', 'Inter', 'CMR');
INSERT INTO public.players (id, name, birth_year, playing_position, local_club, national_team) VALUES (57, 'André Silva', 1995, 'FW', 'RB Leipzig', 'PRT');
INSERT INTO public.players (id, name, birth_year, playing_position, local_club, national_team) VALUES (58, 'Andrés Guardado', 1986, 'MF', 'Betis', 'MEX');
INSERT INTO public.players (id, name, birth_year, playing_position, local_club, national_team) VALUES (59, 'Anis Ben Slimane', 2001, 'MF', 'Brøndby', 'TUN');
INSERT INTO public.players (id, name, birth_year, playing_position, local_club, national_team) VALUES (60, 'Ansu Fati', 2002, 'FW', 'Barcelona', 'ESP');
INSERT INTO public.players (id, name, birth_year, playing_position, local_club, national_team) VALUES (61, 'Ante Budimir', 1991, 'FW', 'Osasuna', 'CRO');
INSERT INTO public.players (id, name, birth_year, playing_position, local_club, national_team) VALUES (62, 'Anthony Contreras', 2000, 'FW', 'Club Sport Herediano', 'CRC');
INSERT INTO public.players (id, name, birth_year, playing_position, local_club, national_team) VALUES (63, 'Antoine Griezmann', 1991, 'MF', 'Atlético Madrid', 'FRA');
INSERT INTO public.players (id, name, birth_year, playing_position, local_club, national_team) VALUES (64, 'Antoine Semenyo', 2000, 'FW', 'Bristol City', 'GHA');
INSERT INTO public.players (id, name, birth_year, playing_position, local_club, national_team) VALUES (65, 'Antonee Robinson', 1997, 'DF', 'Fulham', 'USA');
INSERT INTO public.players (id, name, birth_year, playing_position, local_club, national_team) VALUES (66, 'Antonio Rüdiger', 1993, 'DF', 'Real Madrid', 'GER');
INSERT INTO public.players (id, name, birth_year, playing_position, local_club, national_team) VALUES (67, 'Antony', 2000, 'FW', 'Manchester Utd', 'BRA');
INSERT INTO public.players (id, name, birth_year, playing_position, local_club, national_team) VALUES (68, 'António Silva', 2003, 'DF', 'Benfica', 'PRT');
INSERT INTO public.players (id, name, birth_year, playing_position, local_club, national_team) VALUES (69, 'Ao Tanaka', 1998, 'MF', 'Düsseldorf', 'JPN');
INSERT INTO public.players (id, name, birth_year, playing_position, local_club, national_team) VALUES (70, 'Ardon Jasari', 2002, 'FW', 'Luzern', 'SUI');
INSERT INTO public.players (id, name, birth_year, playing_position, local_club, national_team) VALUES (71, 'Arkadiusz Milik', 1994, 'FW', 'Juventus', 'POL');
INSERT INTO public.players (id, name, birth_year, playing_position, local_club, national_team) VALUES (72, 'Artur Jędrzejczyk', 1987, 'DF', 'Legia Warsaw', 'POL');
INSERT INTO public.players (id, name, birth_year, playing_position, local_club, national_team) VALUES (73, 'Asiri Haitham', 2001, 'FW', 'Al-Ahli', 'SAU');
INSERT INTO public.players (id, name, birth_year, playing_position, local_club, national_team) VALUES (74, 'Assim Madibo', 1996, 'MF', 'Al Duhail SC', 'QAT');
INSERT INTO public.players (id, name, birth_year, playing_position, local_club, national_team) VALUES (75, 'Atiba Hutchinson', 1983, 'MF', 'Beşiktaş', 'CAN');
INSERT INTO public.players (id, name, birth_year, playing_position, local_club, national_team) VALUES (76, 'Aurélien Tchouaméni', 2000, 'MF', 'Real Madrid', 'FRA');
INSERT INTO public.players (id, name, birth_year, playing_position, local_club, national_team) VALUES (77, 'Awer Mabil', 1995, 'MF', 'Cádiz', 'AUS');
INSERT INTO public.players (id, name, birth_year, playing_position, local_club, national_team) VALUES (78, 'Axel Disasi', 1998, 'DF', 'Monaco', 'FRA');
INSERT INTO public.players (id, name, birth_year, playing_position, local_club, national_team) VALUES (79, 'Axel Witsel', 1989, 'MF', 'Atlético Madrid', 'BEL');
INSERT INTO public.players (id, name, birth_year, playing_position, local_club, national_team) VALUES (80, 'Ayase Ueda', 1998, 'FW', 'Cercle Brugge', 'JPN');
INSERT INTO public.players (id, name, birth_year, playing_position, local_club, national_team) VALUES (81, 'Aymeric Laporte', 1994, 'DF', 'Manchester City', 'ESP');
INSERT INTO public.players (id, name, birth_year, playing_position, local_club, national_team) VALUES (82, 'Aziz Behich', 1990, 'DF', 'Dundee United', 'AUS');
INSERT INTO public.players (id, name, birth_year, playing_position, local_club, national_team) VALUES (83, 'Azzedine Ounahi', 2000, 'MF', 'Angers', 'MAR');
INSERT INTO public.players (id, name, birth_year, playing_position, local_club, national_team) VALUES (84, 'Aïssa Laïdouni', 1996, 'MF', 'Ferencváros', 'TUN');
INSERT INTO public.players (id, name, birth_year, playing_position, local_club, national_team) VALUES (85, 'Baba Rahman', 1994, 'DF', 'Reading', 'GHA');
INSERT INTO public.players (id, name, birth_year, playing_position, local_club, national_team) VALUES (86, 'Badr Banoun', 1993, 'DF', 'Qatar SC', 'MAR');
INSERT INTO public.players (id, name, birth_year, playing_position, local_club, national_team) VALUES (87, 'Bailey Wright', 1992, 'DF', 'Sunderland', 'AUS');
INSERT INTO public.players (id, name, birth_year, playing_position, local_club, national_team) VALUES (88, 'Bamba Dieng', 2000, 'FW', 'Marseille', 'SEN');
INSERT INTO public.players (id, name, birth_year, playing_position, local_club, national_team) VALUES (89, 'Bartosz Bereszyński', 1992, 'DF', 'Sampdoria', 'POL');
INSERT INTO public.players (id, name, birth_year, playing_position, local_club, national_team) VALUES (90, 'Bassam Al-Rawi', 1997, 'DF', 'Al Duhail SC', 'QAT');
INSERT INTO public.players (id, name, birth_year, playing_position, local_club, national_team) VALUES (91, 'Ben Davies', 1993, 'DF', 'Tottenham', 'WAL');
INSERT INTO public.players (id, name, birth_year, playing_position, local_club, national_team) VALUES (92, 'Benjamin Pavard', 1996, 'DF', 'Bayern Munich', 'FRA');
INSERT INTO public.players (id, name, birth_year, playing_position, local_club, national_team) VALUES (93, 'Bernardo Silva', 1994, 'MF', 'Manchester City', 'PRT');
INSERT INTO public.players (id, name, birth_year, playing_position, local_club, national_team) VALUES (94, 'Bilal El Khannous', 2004, 'MF', 'Genk', 'MAR');
INSERT INTO public.players (id, name, birth_year, playing_position, local_club, national_team) VALUES (95, 'Borna Barišić', 1992, 'DF', 'Rangers', 'CRO');
INSERT INTO public.players (id, name, birth_year, playing_position, local_club, national_team) VALUES (96, 'Borna Sosa', 1998, 'DF', 'Stuttgart', 'CRO');
INSERT INTO public.players (id, name, birth_year, playing_position, local_club, national_team) VALUES (97, 'Boualem Khoukhi', 1990, 'DF', 'Al Sadd SC', 'QAT');
INSERT INTO public.players (id, name, birth_year, playing_position, local_club, national_team) VALUES (98, 'Boulaye Dia', 1996, 'FW', 'Salernitana', 'SEN');
INSERT INTO public.players (id, name, birth_year, playing_position, local_club, national_team) VALUES (99, 'Brandon Aguilera', 2003, 'MF', 'Asociación Deportiva Guanacasteca', 'CRC');
INSERT INTO public.players (id, name, birth_year, playing_position, local_club, national_team) VALUES (100, 'Breel Embolo', 1997, 'FW', 'Monaco', 'SUI');
INSERT INTO public.players (id, name, birth_year, playing_position, local_club, national_team) VALUES (101, 'Brenden Aaronson', 2000, 'MF', 'Leeds United', 'USA');
INSERT INTO public.players (id, name, birth_year, playing_position, local_club, national_team) VALUES (102, 'Brennan Johnson', 2001, 'FW', 'Nott''ham Forest', 'WAL');
INSERT INTO public.players (id, name, birth_year, playing_position, local_club, national_team) VALUES (103, 'Bruno Fernandes', 1994, 'FW', 'Manchester Utd', 'PRT');
INSERT INTO public.players (id, name, birth_year, playing_position, local_club, national_team) VALUES (104, 'Bruno Guimarães', 1997, 'MF', 'Newcastle Utd', 'BRA');
INSERT INTO public.players (id, name, birth_year, playing_position, local_club, national_team) VALUES (105, 'Bruno Petković', 1994, 'FW', 'Dinamo Zagreb', 'CRO');
INSERT INTO public.players (id, name, birth_year, playing_position, local_club, national_team) VALUES (106, 'Bryan Mbeumo', 1999, 'FW', 'Brentford', 'CMR');
INSERT INTO public.players (id, name, birth_year, playing_position, local_club, national_team) VALUES (107, 'Bryan Oviedo', 1990, 'DF', 'Real Salt Lake', 'CRC');
INSERT INTO public.players (id, name, birth_year, playing_position, local_club, national_team) VALUES (108, 'Bryan Ruiz', 1985, 'MF', 'Liga Deportiva Alajuelense', 'CRC');
INSERT INTO public.players (id, name, birth_year, playing_position, local_club, national_team) VALUES (109, 'Bukayo Saka', 2001, 'FW', 'Arsenal', 'ENG');
INSERT INTO public.players (id, name, birth_year, playing_position, local_club, national_team) VALUES (110, 'Callum Wilson', 1992, 'FW', 'Newcastle Utd', 'ENG');
INSERT INTO public.players (id, name, birth_year, playing_position, local_club, national_team) VALUES (111, 'Cameron Carter-Vickers', 1997, 'DF', 'Celtic', 'USA');
INSERT INTO public.players (id, name, birth_year, playing_position, local_club, national_team) VALUES (112, 'Carlos Gruezo', 1995, 'MF', 'Augsburg', 'ECU');
INSERT INTO public.players (id, name, birth_year, playing_position, local_club, national_team) VALUES (113, 'Carlos Martínez', 1999, 'DF', 'AD San Carlos', 'CRC');
INSERT INTO public.players (id, name, birth_year, playing_position, local_club, national_team) VALUES (114, 'Carlos Soler', 1997, 'MF', 'Paris S-G', 'ESP');
INSERT INTO public.players (id, name, birth_year, playing_position, local_club, national_team) VALUES (115, 'Casemiro', 1992, 'MF', 'Manchester Utd', 'BRA');
INSERT INTO public.players (id, name, birth_year, playing_position, local_club, national_team) VALUES (116, 'Celso Borges', 1988, 'MF', 'Liga Deportiva Alajuelense', 'CRC');
INSERT INTO public.players (id, name, birth_year, playing_position, local_club, national_team) VALUES (117, 'Charles De Ketelaere', 2001, 'FW', 'Milan', 'BEL');
INSERT INTO public.players (id, name, birth_year, playing_position, local_club, national_team) VALUES (118, 'Charly Rodríguez', 1997, 'MF', 'Cruz Azul', 'MEX');
INSERT INTO public.players (id, name, birth_year, playing_position, local_club, national_team) VALUES (119, 'Cheikhou Kouyaté', 1989, 'MF', 'Nott''ham Forest', 'SEN');
INSERT INTO public.players (id, name, birth_year, playing_position, local_club, national_team) VALUES (120, 'Cho Guesung', 1998, 'FW', 'Jeonbuk', 'KOR');
INSERT INTO public.players (id, name, birth_year, playing_position, local_club, national_team) VALUES (121, 'Cho Yumin', 1996, 'FW', 'Daejeon Citizen FC', 'KOR');
INSERT INTO public.players (id, name, birth_year, playing_position, local_club, national_team) VALUES (122, 'Chris Mepham', 1997, 'DF', 'Bournemouth', 'WAL');
INSERT INTO public.players (id, name, birth_year, playing_position, local_club, national_team) VALUES (123, 'Christian Bassogog', 1995, 'MF', 'Shanghai Shen', 'CMR');
INSERT INTO public.players (id, name, birth_year, playing_position, local_club, national_team) VALUES (124, 'Christian Eriksen', 1992, 'MF', 'Manchester Utd', 'DEN');
INSERT INTO public.players (id, name, birth_year, playing_position, local_club, national_team) VALUES (125, 'Christian Fassnacht', 1993, 'FW', 'Young Boys', 'SUI');
INSERT INTO public.players (id, name, birth_year, playing_position, local_club, national_team) VALUES (126, 'Christian Nørgaard', 1994, 'MF', 'Brentford', 'DEN');
INSERT INTO public.players (id, name, birth_year, playing_position, local_club, national_team) VALUES (127, 'Christian Pulisic', 1998, 'FW', 'Chelsea', 'USA');
INSERT INTO public.players (id, name, birth_year, playing_position, local_club, national_team) VALUES (128, 'Christopher Wooh', 2001, 'DF', 'Rennes', 'CMR');
INSERT INTO public.players (id, name, birth_year, playing_position, local_club, national_team) VALUES (129, 'Cody Gakpo', 1999, 'FW', 'PSV Eindhoven', 'NLD');
INSERT INTO public.players (id, name, birth_year, playing_position, local_club, national_team) VALUES (130, 'Collins Fai', 1992, 'DF', 'Al-Ta''ee', 'CMR');
INSERT INTO public.players (id, name, birth_year, playing_position, local_club, national_team) VALUES (131, 'Connor Roberts', 1995, 'DF', 'Burnley', 'WAL');
INSERT INTO public.players (id, name, birth_year, playing_position, local_club, national_team) VALUES (132, 'Craig Goodwin', 1991, 'MF', 'Adelaide', 'AUS');
INSERT INTO public.players (id, name, birth_year, playing_position, local_club, national_team) VALUES (133, 'Cristian Romero', 1998, 'DF', 'Tottenham', 'ARG');
INSERT INTO public.players (id, name, birth_year, playing_position, local_club, national_team) VALUES (134, 'Cristiano Ronaldo', 1985, 'FW', 'Manchester Utd', 'PRT');
INSERT INTO public.players (id, name, birth_year, playing_position, local_club, national_team) VALUES (135, 'Cyle Larin', 1995, 'FW', 'Club Brugge', 'CAN');
INSERT INTO public.players (id, name, birth_year, playing_position, local_club, national_team) VALUES (136, 'César Azpilicueta', 1989, 'DF', 'Chelsea', 'ESP');
INSERT INTO public.players (id, name, birth_year, playing_position, local_club, national_team) VALUES (137, 'César Montes', 1997, 'DF', 'Monterrey', 'MEX');
INSERT INTO public.players (id, name, birth_year, playing_position, local_club, national_team) VALUES (138, 'Daichi Kamada', 1996, 'FW', 'Eint Frankfurt', 'JPN');
INSERT INTO public.players (id, name, birth_year, playing_position, local_club, national_team) VALUES (139, 'Daizen Maeda', 1997, 'FW', 'Celtic', 'JPN');
INSERT INTO public.players (id, name, birth_year, playing_position, local_club, national_team) VALUES (140, 'Daley Blind', 1990, 'DF', 'Ajax', 'NLD');
INSERT INTO public.players (id, name, birth_year, playing_position, local_club, national_team) VALUES (141, 'Damian Szymański', 1995, 'MF', 'AEK Athens', 'POL');
INSERT INTO public.players (id, name, birth_year, playing_position, local_club, national_team) VALUES (142, 'Dani Alves', 1983, 'DF', 'UNAM', 'BRA');
INSERT INTO public.players (id, name, birth_year, playing_position, local_club, national_team) VALUES (143, 'Dani Carvajal', 1992, 'DF', 'Real Madrid', 'ESP');
INSERT INTO public.players (id, name, birth_year, playing_position, local_club, national_team) VALUES (144, 'Dani Olmo', 1998, 'FW', 'RB Leipzig', 'ESP');
INSERT INTO public.players (id, name, birth_year, playing_position, local_club, national_team) VALUES (145, 'Daniel Amartey', 1994, 'DF', 'Leicester City', 'GHA');
INSERT INTO public.players (id, name, birth_year, playing_position, local_club, national_team) VALUES (146, 'Daniel Chacón', 2001, 'MF', 'CS Cartaginés', 'CRC');
INSERT INTO public.players (id, name, birth_year, playing_position, local_club, national_team) VALUES (147, 'Daniel James', 1997, 'FW', 'Fulham', 'WAL');
INSERT INTO public.players (id, name, birth_year, playing_position, local_club, national_team) VALUES (148, 'Daniel Kyereh', 1996, 'MF', 'Freiburg', 'GHA');
INSERT INTO public.players (id, name, birth_year, playing_position, local_club, national_team) VALUES (149, 'Danilo', 1991, 'DF', 'Juventus', 'BRA');
INSERT INTO public.players (id, name, birth_year, playing_position, local_club, national_team) VALUES (150, 'Danilo Pereira', 1991, 'DF', 'Paris S-G', 'PRT');
INSERT INTO public.players (id, name, birth_year, playing_position, local_club, national_team) VALUES (151, 'Danny Ward', 1993, 'GK', 'Leicester City', 'WAL');
INSERT INTO public.players (id, name, birth_year, playing_position, local_club, national_team) VALUES (152, 'Darko Lazović', 1990, 'DF', 'Hellas Verona', 'SRB');
INSERT INTO public.players (id, name, birth_year, playing_position, local_club, national_team) VALUES (153, 'Darwin Núñez', 1999, 'FW', 'Liverpool', 'URU');
INSERT INTO public.players (id, name, birth_year, playing_position, local_club, national_team) VALUES (154, 'David Raum', 1998, 'DF', 'RB Leipzig', 'GER');
INSERT INTO public.players (id, name, birth_year, playing_position, local_club, national_team) VALUES (155, 'David Wotherspoon', 1990, 'MF', 'St Johnstone', 'CAN');
INSERT INTO public.players (id, name, birth_year, playing_position, local_club, national_team) VALUES (156, 'Davy Klaassen', 1993, 'MF', 'Ajax', 'NLD');
INSERT INTO public.players (id, name, birth_year, playing_position, local_club, national_team) VALUES (157, 'Dayot Upamecano', 1998, 'DF', 'Bayern Munich', 'FRA');
INSERT INTO public.players (id, name, birth_year, playing_position, local_club, national_team) VALUES (158, 'DeAndre Yedlin', 1993, 'DF', 'Inter Miami', 'USA');
INSERT INTO public.players (id, name, birth_year, playing_position, local_club, national_team) VALUES (159, 'Declan Rice', 1999, 'MF', 'West Ham', 'ENG');
INSERT INTO public.players (id, name, birth_year, playing_position, local_club, national_team) VALUES (160, 'Dejan Lovren', 1989, 'DF', 'Zenit', 'CRO');
INSERT INTO public.players (id, name, birth_year, playing_position, local_club, national_team) VALUES (161, 'Denis Odoi', 1988, 'DF', 'Club Brugge', 'GHA');
INSERT INTO public.players (id, name, birth_year, playing_position, local_club, national_team) VALUES (162, 'Denis Zakaria', 1996, 'MF', 'Chelsea', 'SUI');
INSERT INTO public.players (id, name, birth_year, playing_position, local_club, national_team) VALUES (163, 'Denzel Dumfries', 1996, 'DF', 'Inter', 'NLD');
INSERT INTO public.players (id, name, birth_year, playing_position, local_club, national_team) VALUES (164, 'Devis Epassy', 1993, 'GK', 'Abha', 'CMR');
INSERT INTO public.players (id, name, birth_year, playing_position, local_club, national_team) VALUES (165, 'Diego Godín', 1986, 'DF', 'Vélez Sarsf', 'URU');
INSERT INTO public.players (id, name, birth_year, playing_position, local_club, national_team) VALUES (166, 'Diogo Costa', 1999, 'GK', 'Porto', 'PRT');
INSERT INTO public.players (id, name, birth_year, playing_position, local_club, national_team) VALUES (167, 'Diogo Dalot', 1999, 'DF', 'Manchester Utd', 'PRT');
INSERT INTO public.players (id, name, birth_year, playing_position, local_club, national_team) VALUES (168, 'Djibril Sow', 1997, 'MF', 'Eint Frankfurt', 'SUI');
INSERT INTO public.players (id, name, birth_year, playing_position, local_club, national_team) VALUES (169, 'Djorkaeff Reasco', 1999, 'FW', 'Newell''s OB', 'ECU');
INSERT INTO public.players (id, name, birth_year, playing_position, local_club, national_team) VALUES (170, 'Dominik Livaković', 1995, 'GK', 'Dinamo Zagreb', 'CRO');
INSERT INTO public.players (id, name, birth_year, playing_position, local_club, national_team) VALUES (171, 'Dries Mertens', 1987, 'MF', 'Galatasaray', 'BEL');
INSERT INTO public.players (id, name, birth_year, playing_position, local_club, national_team) VALUES (172, 'Dušan Tadić', 1988, 'MF', 'Ajax', 'SRB');
INSERT INTO public.players (id, name, birth_year, playing_position, local_club, national_team) VALUES (173, 'Dušan Vlahović', 2000, 'FW', 'Juventus', 'SRB');
INSERT INTO public.players (id, name, birth_year, playing_position, local_club, national_team) VALUES (174, 'Dylan Bronn', 1995, 'DF', 'Salernitana', 'TUN');
INSERT INTO public.players (id, name, birth_year, playing_position, local_club, national_team) VALUES (175, 'Eden Hazard', 1991, 'MF', 'Real Madrid', 'BEL');
INSERT INTO public.players (id, name, birth_year, playing_position, local_club, national_team) VALUES (176, 'Ederson', 1993, 'GK', 'Manchester City', 'BRA');
INSERT INTO public.players (id, name, birth_year, playing_position, local_club, national_team) VALUES (177, 'Edimilson Fernandes', 1996, 'FW', 'Mainz 05', 'SUI');
INSERT INTO public.players (id, name, birth_year, playing_position, local_club, national_team) VALUES (178, 'Edinson Cavani', 1987, 'FW', 'Valencia', 'URU');
INSERT INTO public.players (id, name, birth_year, playing_position, local_club, national_team) VALUES (179, 'Edouard Mendy', 1992, 'GK', 'Chelsea', 'SEN');
INSERT INTO public.players (id, name, birth_year, playing_position, local_club, national_team) VALUES (180, 'Edson Álvarez', 1997, 'MF', 'Ajax', 'MEX');
INSERT INTO public.players (id, name, birth_year, playing_position, local_club, national_team) VALUES (181, 'Eduardo Camavinga', 2002, 'DF', 'Real Madrid', 'FRA');
INSERT INTO public.players (id, name, birth_year, playing_position, local_club, national_team) VALUES (182, 'Ehsan Hajsafi', 1990, 'MF', 'AEK Athens', 'IRN');
INSERT INTO public.players (id, name, birth_year, playing_position, local_club, national_team) VALUES (183, 'Ellyes Skhiri', 1995, 'MF', 'Köln', 'TUN');
INSERT INTO public.players (id, name, birth_year, playing_position, local_club, national_team) VALUES (184, 'Emiliano Martínez', 1992, 'GK', 'Aston Villa', 'ARG');
INSERT INTO public.players (id, name, birth_year, playing_position, local_club, national_team) VALUES (185, 'Enner Valencia', 1989, 'FW', 'Fenerbahçe', 'ECU');
INSERT INTO public.players (id, name, birth_year, playing_position, local_club, national_team) VALUES (186, 'Enzo Ebosse', 1999, 'DF', 'Udinese', 'CMR');
INSERT INTO public.players (id, name, birth_year, playing_position, local_club, national_team) VALUES (187, 'Enzo Fernández', 2001, 'MF', 'Benfica', 'ARG');
INSERT INTO public.players (id, name, birth_year, playing_position, local_club, national_team) VALUES (188, 'Eray Cömert', 1998, 'DF', 'Valencia', 'SUI');
INSERT INTO public.players (id, name, birth_year, playing_position, local_club, national_team) VALUES (189, 'Eric Dier', 1994, 'DF', 'Tottenham', 'ENG');
INSERT INTO public.players (id, name, birth_year, playing_position, local_club, national_team) VALUES (190, 'Eric Maxim Choupo-Moting', 1989, 'FW', 'Bayern Munich', 'CMR');
INSERT INTO public.players (id, name, birth_year, playing_position, local_club, national_team) VALUES (191, 'Erick Gutiérrez', 1995, 'MF', 'PSV Eindhoven', 'MEX');
INSERT INTO public.players (id, name, birth_year, playing_position, local_club, national_team) VALUES (192, 'Ethan Ampadu', 2000, 'MF', 'Spezia', 'WAL');
INSERT INTO public.players (id, name, birth_year, playing_position, local_club, national_team) VALUES (193, 'Everton Ribeiro', 1989, 'MF', 'Flamengo', 'BRA');
INSERT INTO public.players (id, name, birth_year, playing_position, local_club, national_team) VALUES (194, 'Exequiel Palacios', 1998, 'MF', 'Leverkusen', 'ARG');
INSERT INTO public.players (id, name, birth_year, playing_position, local_club, national_team) VALUES (195, 'Fabian Frei', 1989, 'MF', 'Basel', 'SUI');
INSERT INTO public.players (id, name, birth_year, playing_position, local_club, national_team) VALUES (196, 'Fabian Rieder', 2002, 'FW', 'Young Boys', 'SUI');
INSERT INTO public.players (id, name, birth_year, playing_position, local_club, national_team) VALUES (197, 'Fabian Schär', 1991, 'DF', 'Newcastle Utd', 'SUI');
INSERT INTO public.players (id, name, birth_year, playing_position, local_club, national_team) VALUES (198, 'Fabinho', 1993, 'MF', 'Liverpool', 'BRA');
INSERT INTO public.players (id, name, birth_year, playing_position, local_club, national_team) VALUES (199, 'Facundo Pellistri', 2001, 'MF', 'Manchester Utd', 'URU');
INSERT INTO public.players (id, name, birth_year, playing_position, local_club, national_team) VALUES (200, 'Famara Diedhiou', 1992, 'FW', 'Alanyaspor', 'SEN');
INSERT INTO public.players (id, name, birth_year, playing_position, local_club, national_team) VALUES (201, 'Federico Valverde', 1998, 'MF', 'Real Madrid', 'URU');
INSERT INTO public.players (id, name, birth_year, playing_position, local_club, national_team) VALUES (202, 'Ferjani Sassi', 1992, 'MF', 'Al Duhail SC', 'TUN');
INSERT INTO public.players (id, name, birth_year, playing_position, local_club, national_team) VALUES (203, 'Ferrán Torres', 2000, 'FW', 'Barcelona', 'ESP');
INSERT INTO public.players (id, name, birth_year, playing_position, local_club, national_team) VALUES (204, 'Filip Kostić', 1992, 'DF', 'Juventus', 'SRB');
INSERT INTO public.players (id, name, birth_year, playing_position, local_club, national_team) VALUES (205, 'Filip Mladenović', 1991, 'DF', 'Legia Warsaw', 'SRB');
INSERT INTO public.players (id, name, birth_year, playing_position, local_club, national_team) VALUES (206, 'Filip Đuričić', 1992, 'MF', 'Sampdoria', 'SRB');
INSERT INTO public.players (id, name, birth_year, playing_position, local_club, national_team) VALUES (207, 'Firas Al-Buraikan', 2000, 'MF', 'Al-Fateh', 'SAU');
INSERT INTO public.players (id, name, birth_year, playing_position, local_club, national_team) VALUES (208, 'Fodé Ballo-Touré', 1997, 'DF', 'Milan', 'SEN');
INSERT INTO public.players (id, name, birth_year, playing_position, local_club, national_team) VALUES (209, 'Fran Karačić', 1996, 'DF', 'Brescia', 'AUS');
INSERT INTO public.players (id, name, birth_year, playing_position, local_club, national_team) VALUES (210, 'Francisco Calvo', 1992, 'DF', 'Konyaspor', 'CRC');
INSERT INTO public.players (id, name, birth_year, playing_position, local_club, national_team) VALUES (211, 'Fred', 1993, 'MF', 'Manchester Utd', 'BRA');
INSERT INTO public.players (id, name, birth_year, playing_position, local_club, national_team) VALUES (212, 'Frenkie de Jong', 1997, 'MF', 'Barcelona', 'NLD');
INSERT INTO public.players (id, name, birth_year, playing_position, local_club, national_team) VALUES (213, 'Félix Torres Caicedo', 1997, 'DF', 'Santos', 'ECU');
INSERT INTO public.players (id, name, birth_year, playing_position, local_club, national_team) VALUES (214, 'Gabriel Jesus', 1997, 'FW', 'Arsenal', 'BRA');
INSERT INTO public.players (id, name, birth_year, playing_position, local_club, national_team) VALUES (215, 'Garang Kuol', 2004, 'FW', 'Central Coast', 'AUS');
INSERT INTO public.players (id, name, birth_year, playing_position, local_club, national_team) VALUES (216, 'Gareth Bale', 1989, 'FW', 'Los Angeles FC', 'WAL');
INSERT INTO public.players (id, name, birth_year, playing_position, local_club, national_team) VALUES (217, 'Gavi', 2004, 'MF', 'Barcelona', 'ESP');
INSERT INTO public.players (id, name, birth_year, playing_position, local_club, national_team) VALUES (218, 'Gaël Ondoua', 1995, 'MF', 'Hannover 96', 'CMR');
INSERT INTO public.players (id, name, birth_year, playing_position, local_club, national_team) VALUES (219, 'Georges-Kévin N''Koudou', 1995, 'FW', 'Beşiktaş', 'CMR');
INSERT INTO public.players (id, name, birth_year, playing_position, local_club, national_team) VALUES (220, 'Germán Pezzella', 1991, 'DF', 'Betis', 'ARG');
INSERT INTO public.players (id, name, birth_year, playing_position, local_club, national_team) VALUES (221, 'Gerson Torres', 1997, 'MF', 'Club Sport Herediano', 'CRC');
INSERT INTO public.players (id, name, birth_year, playing_position, local_club, national_team) VALUES (222, 'Ghaylène Chaalali', 1994, 'MF', 'Espérance de Tunis', 'TUN');
INSERT INTO public.players (id, name, birth_year, playing_position, local_club, national_team) VALUES (223, 'Gideon Mensah', 1998, 'DF', 'Auxerre', 'GHA');
INSERT INTO public.players (id, name, birth_year, playing_position, local_club, national_team) VALUES (224, 'Gio Reyna', 2002, 'FW', 'Dortmund', 'USA');
INSERT INTO public.players (id, name, birth_year, playing_position, local_club, national_team) VALUES (225, 'Giorgian De Arrascaeta', 1994, 'MF', 'Flamengo', 'URU');
INSERT INTO public.players (id, name, birth_year, playing_position, local_club, national_team) VALUES (226, 'Gleison Bremer', 1997, 'DF', 'Juventus', 'BRA');
INSERT INTO public.players (id, name, birth_year, playing_position, local_club, national_team) VALUES (227, 'Gonzalo Montiel', 1997, 'DF', 'Sevilla', 'ARG');
INSERT INTO public.players (id, name, birth_year, playing_position, local_club, national_team) VALUES (228, 'Gonzalo Plata', 2000, 'MF', 'Valladolid', 'ECU');
INSERT INTO public.players (id, name, birth_year, playing_position, local_club, national_team) VALUES (229, 'Gonçalo Ramos', 2001, 'FW', 'Benfica', 'PRT');
INSERT INTO public.players (id, name, birth_year, playing_position, local_club, national_team) VALUES (230, 'Granit Xhaka', 1992, 'MF', 'Arsenal', 'SUI');
INSERT INTO public.players (id, name, birth_year, playing_position, local_club, national_team) VALUES (231, 'Gregor Kobel', 1997, 'GK', 'Dortmund', 'SUI');
INSERT INTO public.players (id, name, birth_year, playing_position, local_club, national_team) VALUES (232, 'Grzegorz Krychowiak', 1990, 'MF', 'Al-Shabab', 'POL');
INSERT INTO public.players (id, name, birth_year, playing_position, local_club, national_team) VALUES (233, 'Guido Rodríguez', 1994, 'MF', 'Betis', 'ARG');
INSERT INTO public.players (id, name, birth_year, playing_position, local_club, national_team) VALUES (234, 'Guillermo Ochoa', 1985, 'GK', 'América', 'MEX');
INSERT INTO public.players (id, name, birth_year, playing_position, local_club, national_team) VALUES (235, 'Guillermo Varela', 1993, 'DF', 'Flamengo', 'URU');
INSERT INTO public.players (id, name, birth_year, playing_position, local_club, national_team) VALUES (236, 'Haji Wright', 1998, 'FW', 'Antalyaspor', 'USA');
INSERT INTO public.players (id, name, birth_year, playing_position, local_club, national_team) VALUES (237, 'Hakim Ziyech', 1993, 'FW', 'Chelsea', 'MAR');
INSERT INTO public.players (id, name, birth_year, playing_position, local_club, national_team) VALUES (238, 'Hannibal Mejbri', 2003, 'MF', 'Birmingham City', 'TUN');
INSERT INTO public.players (id, name, birth_year, playing_position, local_club, national_team) VALUES (239, 'Haris Seferović', 1992, 'FW', 'Galatasaray', 'SUI');
INSERT INTO public.players (id, name, birth_year, playing_position, local_club, national_team) VALUES (240, 'Harry Kane', 1993, 'FW', 'Tottenham', 'ENG');
INSERT INTO public.players (id, name, birth_year, playing_position, local_club, national_team) VALUES (241, 'Harry Maguire', 1993, 'DF', 'Manchester Utd', 'ENG');
INSERT INTO public.players (id, name, birth_year, playing_position, local_club, national_team) VALUES (242, 'Harry Souttar', 1998, 'DF', 'Stoke City', 'AUS');
INSERT INTO public.players (id, name, birth_year, playing_position, local_club, national_team) VALUES (243, 'Harry Wilson', 1997, 'MF', 'Fulham', 'WAL');
INSERT INTO public.players (id, name, birth_year, playing_position, local_club, national_team) VALUES (244, 'Hassan Al Tambakti', 1999, 'DF', 'Al-Shabab', 'SAU');
INSERT INTO public.players (id, name, birth_year, playing_position, local_club, national_team) VALUES (245, 'Hassan Al-Haydos', 1990, 'MF', 'Al Sadd SC', 'QAT');
INSERT INTO public.players (id, name, birth_year, playing_position, local_club, national_team) VALUES (246, 'Hattan Bahebri', 1992, 'MF', 'Al-Shabab', 'SAU');
INSERT INTO public.players (id, name, birth_year, playing_position, local_club, national_team) VALUES (247, 'Henry Martín', 1992, 'FW', 'América', 'MEX');
INSERT INTO public.players (id, name, birth_year, playing_position, local_club, national_team) VALUES (248, 'Hernán Galíndez', 1987, 'GK', 'SD Aucas', 'ECU');
INSERT INTO public.players (id, name, birth_year, playing_position, local_club, national_team) VALUES (249, 'Hidemasa Morita', 1995, 'MF', 'Sporting CP', 'JPN');
INSERT INTO public.players (id, name, birth_year, playing_position, local_club, national_team) VALUES (250, 'Hiroki Ito', 1999, 'DF', 'Stuttgart', 'JPN');
INSERT INTO public.players (id, name, birth_year, playing_position, local_club, national_team) VALUES (251, 'Hiroki Sakai', 1990, 'MF', 'Urawa Reds', 'JPN');
INSERT INTO public.players (id, name, birth_year, playing_position, local_club, national_team) VALUES (252, 'Hirving Lozano', 1995, 'FW', 'Napoli', 'MEX');
INSERT INTO public.players (id, name, birth_year, playing_position, local_club, national_team) VALUES (253, 'Homam Ahmed', 1999, 'DF', 'Al-Gharafa Sports Club', 'QAT');
INSERT INTO public.players (id, name, birth_year, playing_position, local_club, national_team) VALUES (254, 'Hong Chul', 1990, 'DF', 'Daegu', 'KOR');
INSERT INTO public.players (id, name, birth_year, playing_position, local_club, national_team) VALUES (255, 'Hossein Hosseini', 1992, 'GK', 'Esteghlal', 'IRN');
INSERT INTO public.players (id, name, birth_year, playing_position, local_club, national_team) VALUES (256, 'Hossein Kanaanizadegan', 1994, 'DF', 'Al Ahli SC', 'IRN');
INSERT INTO public.players (id, name, birth_year, playing_position, local_club, national_team) VALUES (257, 'Hugo Lloris', 1986, 'GK', 'Tottenham', 'FRA');
INSERT INTO public.players (id, name, birth_year, playing_position, local_club, national_team) VALUES (258, 'Hwang Hee-chan', 1996, 'MF', 'Wolves', 'KOR');
INSERT INTO public.players (id, name, birth_year, playing_position, local_club, national_team) VALUES (259, 'Hwang In-beom', 1996, 'MF', 'Olympiacos', 'KOR');
INSERT INTO public.players (id, name, birth_year, playing_position, local_club, national_team) VALUES (260, 'Hwang Ui-jo', 1992, 'FW', 'Olympiacos', 'KOR');
INSERT INTO public.players (id, name, birth_year, playing_position, local_club, national_team) VALUES (261, 'Héctor Herrera', 1990, 'MF', 'Houston Dynamo', 'MEX');
INSERT INTO public.players (id, name, birth_year, playing_position, local_club, national_team) VALUES (262, 'Héctor Moreno', 1988, 'DF', 'Monterrey', 'MEX');
INSERT INTO public.players (id, name, birth_year, playing_position, local_club, national_team) VALUES (263, 'Ibrahima Konaté', 1999, 'DF', 'Liverpool', 'FRA');
INSERT INTO public.players (id, name, birth_year, playing_position, local_club, national_team) VALUES (264, 'Idrissa Gana Gueye', 1989, 'MF', 'Everton', 'SEN');
INSERT INTO public.players (id, name, birth_year, playing_position, local_club, national_team) VALUES (265, 'Ilias Chair', 1997, 'MF', 'QPR', 'MAR');
INSERT INTO public.players (id, name, birth_year, playing_position, local_club, national_team) VALUES (266, 'Iliman Ndiaye', 2000, 'FW', 'Sheffield Utd', 'SEN');
INSERT INTO public.players (id, name, birth_year, playing_position, local_club, national_team) VALUES (267, 'Ismail Jakobs', 1999, 'DF', 'Monaco', 'SEN');
INSERT INTO public.players (id, name, birth_year, playing_position, local_club, national_team) VALUES (268, 'Ismail Mohamad', 1990, 'FW', 'Al Duhail SC', 'QAT');
INSERT INTO public.players (id, name, birth_year, playing_position, local_club, national_team) VALUES (269, 'Ismaila Sarr', 1998, 'FW', 'Watford', 'SEN');
INSERT INTO public.players (id, name, birth_year, playing_position, local_club, national_team) VALUES (270, 'Ismaël Koné', 2002, 'MF', 'CF Montréal', 'CAN');
INSERT INTO public.players (id, name, birth_year, playing_position, local_club, national_team) VALUES (271, 'Issam Jebali', 1991, 'FW', 'Odense', 'TUN');
INSERT INTO public.players (id, name, birth_year, playing_position, local_club, national_team) VALUES (272, 'Ivan Ilić', 2001, 'MF', 'Hellas Verona', 'SRB');
INSERT INTO public.players (id, name, birth_year, playing_position, local_club, national_team) VALUES (273, 'Ivan Perišić', 1989, 'FW', 'Tottenham', 'CRO');
INSERT INTO public.players (id, name, birth_year, playing_position, local_club, national_team) VALUES (274, 'Iñaki Williams', 1994, 'FW', 'Athletic Club', 'GHA');
INSERT INTO public.players (id, name, birth_year, playing_position, local_club, national_team) VALUES (275, 'Jack Grealish', 1995, 'FW', 'Manchester City', 'ENG');
INSERT INTO public.players (id, name, birth_year, playing_position, local_club, national_team) VALUES (276, 'Jackson Irvine', 1993, 'MF', 'St. Pauli', 'AUS');
INSERT INTO public.players (id, name, birth_year, playing_position, local_club, national_team) VALUES (277, 'Jackson Porozo', 2000, 'DF', 'Troyes', 'ECU');
INSERT INTO public.players (id, name, birth_year, playing_position, local_club, national_team) VALUES (278, 'Jakub Kamiński', 2002, 'MF', 'Wolfsburg', 'POL');
INSERT INTO public.players (id, name, birth_year, playing_position, local_club, national_team) VALUES (279, 'Jakub Kiwior', 2000, 'DF', 'Spezia', 'POL');
INSERT INTO public.players (id, name, birth_year, playing_position, local_club, national_team) VALUES (280, 'Jamal Musiala', 2003, 'MF', 'Bayern Munich', 'GER');
INSERT INTO public.players (id, name, birth_year, playing_position, local_club, national_team) VALUES (281, 'Jamie Maclaren', 1993, 'FW', 'Melb City', 'AUS');
INSERT INTO public.players (id, name, birth_year, playing_position, local_club, national_team) VALUES (282, 'Jan Bednarek', 1996, 'DF', 'Aston Villa', 'POL');
INSERT INTO public.players (id, name, birth_year, playing_position, local_club, national_team) VALUES (283, 'Jan Vertonghen', 1987, 'DF', 'Anderlecht', 'BEL');
INSERT INTO public.players (id, name, birth_year, playing_position, local_club, national_team) VALUES (284, 'Jason Cummings', 1995, 'FW', 'Central Coast', 'AUS');
INSERT INTO public.players (id, name, birth_year, playing_position, local_club, national_team) VALUES (285, 'Jawad El Yamiq', 1992, 'DF', 'Valladolid', 'MAR');
INSERT INTO public.players (id, name, birth_year, playing_position, local_club, national_team) VALUES (286, 'Jean-Charles Castelletto', 1995, 'DF', 'Nantes', 'CMR');
INSERT INTO public.players (id, name, birth_year, playing_position, local_club, national_team) VALUES (287, 'Jeong Woo-yeong', 1999, 'MF', 'Freiburg', 'KOR');
INSERT INTO public.players (id, name, birth_year, playing_position, local_club, national_team) VALUES (288, 'Jeremy Doku', 2002, 'MF', 'Rennes', 'BEL');
INSERT INTO public.players (id, name, birth_year, playing_position, local_club, national_team) VALUES (289, 'Jeremy Sarmiento', 2002, 'MF', 'Brighton', 'ECU');
INSERT INTO public.players (id, name, birth_year, playing_position, local_club, national_team) VALUES (290, 'Jerome Ngom Mbekeli', 1998, 'MF', 'Colombe Sportive du Dja et Lobo', 'CMR');
INSERT INTO public.players (id, name, birth_year, playing_position, local_club, national_team) VALUES (291, 'Jesper Lindstrøm', 2000, 'MF', 'Eint Frankfurt', 'DEN');
INSERT INTO public.players (id, name, birth_year, playing_position, local_club, national_team) VALUES (292, 'Jesús Ferreira', 2000, 'FW', 'FC Dallas', 'USA');
INSERT INTO public.players (id, name, birth_year, playing_position, local_club, national_team) VALUES (293, 'Jesús Gallardo', 1994, 'DF', 'Monterrey', 'MEX');
INSERT INTO public.players (id, name, birth_year, playing_position, local_club, national_team) VALUES (294, 'Jewison Bennette', 2004, 'MF', 'Sunderland', 'CRC');
INSERT INTO public.players (id, name, birth_year, playing_position, local_club, national_team) VALUES (295, 'Jhegson Méndez', 1997, 'MF', 'Los Angeles FC', 'ECU');
INSERT INTO public.players (id, name, birth_year, playing_position, local_club, national_team) VALUES (296, 'Joachim Andersen', 1996, 'DF', 'Crystal Palace', 'DEN');
INSERT INTO public.players (id, name, birth_year, playing_position, local_club, national_team) VALUES (297, 'Joakim Mæhle', 1997, 'DF', 'Atalanta', 'DEN');
INSERT INTO public.players (id, name, birth_year, playing_position, local_club, national_team) VALUES (298, 'Joe Allen', 1990, 'MF', 'Swansea City', 'WAL');
INSERT INTO public.players (id, name, birth_year, playing_position, local_club, national_team) VALUES (299, 'Joe Morrell', 1997, 'MF', 'Portsmouth', 'WAL');
INSERT INTO public.players (id, name, birth_year, playing_position, local_club, national_team) VALUES (300, 'Joe Rodon', 1997, 'DF', 'Rennes', 'WAL');
INSERT INTO public.players (id, name, birth_year, playing_position, local_club, national_team) VALUES (301, 'Joel Campbell', 1992, 'FW', 'León', 'CRC');
INSERT INTO public.players (id, name, birth_year, playing_position, local_club, national_team) VALUES (302, 'Johan Venegas', 1988, 'FW', 'Liga Deportiva Alajuelense', 'CRC');
INSERT INTO public.players (id, name, birth_year, playing_position, local_club, national_team) VALUES (303, 'John Stones', 1994, 'DF', 'Manchester City', 'ENG');
INSERT INTO public.players (id, name, birth_year, playing_position, local_club, national_team) VALUES (304, 'Jonas Hofmann', 1992, 'FW', 'M''Gladbach', 'GER');
INSERT INTO public.players (id, name, birth_year, playing_position, local_club, national_team) VALUES (305, 'Jonathan David', 2000, 'FW', 'Lille', 'CAN');
INSERT INTO public.players (id, name, birth_year, playing_position, local_club, national_team) VALUES (306, 'Jonathan Osorio', 1992, 'MF', 'Toronto FC', 'CAN');
INSERT INTO public.players (id, name, birth_year, playing_position, local_club, national_team) VALUES (307, 'Jordan Ayew', 1991, 'FW', 'Crystal Palace', 'GHA');
INSERT INTO public.players (id, name, birth_year, playing_position, local_club, national_team) VALUES (308, 'Jordan Henderson', 1990, 'MF', 'Liverpool', 'ENG');
INSERT INTO public.players (id, name, birth_year, playing_position, local_club, national_team) VALUES (309, 'Jordan Morris', 1994, 'FW', 'Seattle', 'USA');
INSERT INTO public.players (id, name, birth_year, playing_position, local_club, national_team) VALUES (310, 'Jordan Pickford', 1994, 'GK', 'Everton', 'ENG');
INSERT INTO public.players (id, name, birth_year, playing_position, local_club, national_team) VALUES (311, 'Jordan Veretout', 1993, 'MF', 'Marseille', 'FRA');
INSERT INTO public.players (id, name, birth_year, playing_position, local_club, national_team) VALUES (312, 'Jordi Alba', 1989, 'DF', 'Barcelona', 'ESP');
INSERT INTO public.players (id, name, birth_year, playing_position, local_club, national_team) VALUES (313, 'Jorge Eduardo Sánchez', 1997, 'DF', 'Ajax', 'MEX');
INSERT INTO public.players (id, name, birth_year, playing_position, local_club, national_team) VALUES (314, 'Josh Sargent', 2000, 'FW', 'Norwich City', 'USA');
INSERT INTO public.players (id, name, birth_year, playing_position, local_club, national_team) VALUES (315, 'Joshua Kimmich', 1995, 'MF', 'Bayern Munich', 'GER');
INSERT INTO public.players (id, name, birth_year, playing_position, local_club, national_team) VALUES (316, 'Josip Juranović', 1995, 'DF', 'Celtic', 'CRO');
INSERT INTO public.players (id, name, birth_year, playing_position, local_club, national_team) VALUES (317, 'Josip Stanišić', 2000, 'DF', 'Bayern Munich', 'CRO');
INSERT INTO public.players (id, name, birth_year, playing_position, local_club, national_team) VALUES (318, 'Josip Šutalo', 2000, 'DF', 'Dinamo Zagreb', 'CRO');
INSERT INTO public.players (id, name, birth_year, playing_position, local_club, national_team) VALUES (319, 'José Cifuentes', 1999, 'MF', 'Los Angeles FC', 'ECU');
INSERT INTO public.players (id, name, birth_year, playing_position, local_club, national_team) VALUES (320, 'José María Giménez', 1995, 'DF', 'Atlético Madrid', 'URU');
INSERT INTO public.players (id, name, birth_year, playing_position, local_club, national_team) VALUES (321, 'João Cancelo', 1994, 'DF', 'Manchester City', 'PRT');
INSERT INTO public.players (id, name, birth_year, playing_position, local_club, national_team) VALUES (322, 'João Félix', 1999, 'FW', 'Atlético Madrid', 'PRT');
INSERT INTO public.players (id, name, birth_year, playing_position, local_club, national_team) VALUES (323, 'João Mário', 1993, 'FW', 'Benfica', 'PRT');
INSERT INTO public.players (id, name, birth_year, playing_position, local_club, national_team) VALUES (324, 'João Palhinha', 1995, 'MF', 'Fulham', 'PRT');
INSERT INTO public.players (id, name, birth_year, playing_position, local_club, national_team) VALUES (325, 'Joško Gvardiol', 2002, 'DF', 'RB Leipzig', 'CRO');
INSERT INTO public.players (id, name, birth_year, playing_position, local_club, national_team) VALUES (326, 'Juan Foyth', 1998, 'DF', 'Villarreal', 'ARG');
INSERT INTO public.players (id, name, birth_year, playing_position, local_club, national_team) VALUES (327, 'Juan Pablo Vargas', 1995, 'DF', 'Millonarios', 'CRC');
INSERT INTO public.players (id, name, birth_year, playing_position, local_club, national_team) VALUES (328, 'Jude Bellingham', 2003, 'MF', 'Dortmund', 'ENG');
INSERT INTO public.players (id, name, birth_year, playing_position, local_club, national_team) VALUES (329, 'Jules Koundé', 1998, 'DF', 'Barcelona', 'FRA');
INSERT INTO public.players (id, name, birth_year, playing_position, local_club, national_team) VALUES (330, 'Julián Álvarez', 2000, 'FW', 'Manchester City', 'ARG');
INSERT INTO public.players (id, name, birth_year, playing_position, local_club, national_team) VALUES (331, 'Jung Woo-young', 1989, 'MF', 'Al Sadd SC', 'KOR');
INSERT INTO public.players (id, name, birth_year, playing_position, local_club, national_team) VALUES (332, 'Junior Hoilett', 1990, 'FW', 'Reading', 'CAN');
INSERT INTO public.players (id, name, birth_year, playing_position, local_club, national_team) VALUES (333, 'Junya Ito', 1993, 'MF', 'Reims', 'JPN');
INSERT INTO public.players (id, name, birth_year, playing_position, local_club, national_team) VALUES (334, 'Jurriën Timber', 2001, 'DF', 'Ajax', 'NLD');
INSERT INTO public.players (id, name, birth_year, playing_position, local_club, national_team) VALUES (335, 'Kai Havertz', 1999, 'FW', 'Chelsea', 'GER');
INSERT INTO public.players (id, name, birth_year, playing_position, local_club, national_team) VALUES (336, 'Kalidou Koulibaly', 1991, 'DF', 'Chelsea', 'SEN');
INSERT INTO public.players (id, name, birth_year, playing_position, local_club, national_team) VALUES (337, 'Kalvin Phillips', 1995, 'MF', 'Manchester City', 'ENG');
INSERT INTO public.players (id, name, birth_year, playing_position, local_club, national_team) VALUES (338, 'Kamal Miller', 1997, 'DF', 'CF Montréal', 'CAN');
INSERT INTO public.players (id, name, birth_year, playing_position, local_club, national_team) VALUES (339, 'Kamaldeen Sulemana', 2002, 'FW', 'Rennes', 'GHA');
INSERT INTO public.players (id, name, birth_year, playing_position, local_club, national_team) VALUES (340, 'Kamil Glik', 1988, 'DF', 'Benevento', 'POL');
INSERT INTO public.players (id, name, birth_year, playing_position, local_club, national_team) VALUES (341, 'Kamil Grosicki', 1988, 'MF', 'Pogoń Szczecin', 'POL');
INSERT INTO public.players (id, name, birth_year, playing_position, local_club, national_team) VALUES (342, 'Kaoru Mitoma', 1997, 'MF', 'Brighton', 'JPN');
INSERT INTO public.players (id, name, birth_year, playing_position, local_club, national_team) VALUES (343, 'Karim Ansarifard', 1990, 'FW', 'AC Omonia', 'IRN');
INSERT INTO public.players (id, name, birth_year, playing_position, local_club, national_team) VALUES (344, 'Karim Boudiaf', 1990, 'MF', 'Al Duhail SC', 'QAT');
INSERT INTO public.players (id, name, birth_year, playing_position, local_club, national_team) VALUES (345, 'Karl Toko Ekambi', 1992, 'FW', 'Lyon', 'CMR');
INSERT INTO public.players (id, name, birth_year, playing_position, local_club, national_team) VALUES (346, 'Karol Świderski', 1997, 'FW', 'Charlotte', 'POL');
INSERT INTO public.players (id, name, birth_year, playing_position, local_club, national_team) VALUES (347, 'Kasper Dolberg', 1997, 'FW', 'Sevilla', 'DEN');
INSERT INTO public.players (id, name, birth_year, playing_position, local_club, national_team) VALUES (348, 'Kasper Schmeichel', 1986, 'GK', 'Nice', 'DEN');
INSERT INTO public.players (id, name, birth_year, playing_position, local_club, national_team) VALUES (349, 'Keanu Baccus', 1998, 'MF', 'St Mirren', 'AUS');
INSERT INTO public.players (id, name, birth_year, playing_position, local_club, national_team) VALUES (350, 'Kellyn Acosta', 1995, 'MF', 'Los Angeles FC', 'USA');
INSERT INTO public.players (id, name, birth_year, playing_position, local_club, national_team) VALUES (351, 'Kendall Waston', 1988, 'DF', 'Deportivo Saprissa', 'CRC');
INSERT INTO public.players (id, name, birth_year, playing_position, local_club, national_team) VALUES (352, 'Kenneth Taylor', 2002, 'MF', 'Ajax', 'NLD');
INSERT INTO public.players (id, name, birth_year, playing_position, local_club, national_team) VALUES (353, 'Kevin De Bruyne', 1991, 'FW', 'Manchester City', 'BEL');
INSERT INTO public.players (id, name, birth_year, playing_position, local_club, national_team) VALUES (354, 'Kevin Rodríguez', 2000, 'FW', NULL, 'ECU');
INSERT INTO public.players (id, name, birth_year, playing_position, local_club, national_team) VALUES (355, 'Kevin Álvarez', 1999, 'DF', 'Pachuca', 'MEX');
INSERT INTO public.players (id, name, birth_year, playing_position, local_club, national_team) VALUES (356, 'Keylor Navas', 1986, 'GK', 'Paris S-G', 'CRC');
INSERT INTO public.players (id, name, birth_year, playing_position, local_club, national_team) VALUES (357, 'Keysher Fuller', 1994, 'DF', 'Club Sport Herediano', 'CRC');
INSERT INTO public.players (id, name, birth_year, playing_position, local_club, national_team) VALUES (358, 'Kieffer Moore', 1992, 'FW', 'Bournemouth', 'WAL');
INSERT INTO public.players (id, name, birth_year, playing_position, local_club, national_team) VALUES (359, 'Kieran Trippier', 1990, 'DF', 'Newcastle Utd', 'ENG');
INSERT INTO public.players (id, name, birth_year, playing_position, local_club, national_team) VALUES (360, 'Kim Jin-su', 1992, 'DF', 'Jeonbuk', 'KOR');
INSERT INTO public.players (id, name, birth_year, playing_position, local_club, national_team) VALUES (361, 'Kim Min-jae', 1996, 'DF', 'Napoli', 'KOR');
INSERT INTO public.players (id, name, birth_year, playing_position, local_club, national_team) VALUES (362, 'Kim Moonhwan', 1995, 'DF', 'Jeonbuk', 'KOR');
INSERT INTO public.players (id, name, birth_year, playing_position, local_club, national_team) VALUES (363, 'Kim Seung-gyu', 1990, 'GK', 'Al-Shabab', 'KOR');
INSERT INTO public.players (id, name, birth_year, playing_position, local_club, national_team) VALUES (364, 'Kim Young-gwon', 1990, 'DF', 'Ulsan Hyundai', 'KOR');
INSERT INTO public.players (id, name, birth_year, playing_position, local_club, national_team) VALUES (365, 'Kingsley Coman', 1996, 'FW', 'Bayern Munich', 'FRA');
INSERT INTO public.players (id, name, birth_year, playing_position, local_club, national_team) VALUES (366, 'Ko Itakura', 1997, 'DF', 'M''Gladbach', 'JPN');
INSERT INTO public.players (id, name, birth_year, playing_position, local_club, national_team) VALUES (367, 'Koke', 1992, 'MF', 'Atlético Madrid', 'ESP');
INSERT INTO public.players (id, name, birth_year, playing_position, local_club, national_team) VALUES (368, 'Kristijan Jakić', 1997, 'FW', 'Eint Frankfurt', 'CRO');
INSERT INTO public.players (id, name, birth_year, playing_position, local_club, national_team) VALUES (369, 'Krystian Bielik', 1998, 'MF', 'Derby County', 'POL');
INSERT INTO public.players (id, name, birth_year, playing_position, local_club, national_team) VALUES (370, 'Krzysztof Piątek', 1995, 'FW', 'Salernitana', 'POL');
INSERT INTO public.players (id, name, birth_year, playing_position, local_club, national_team) VALUES (371, 'Krépin Diatta', 1999, 'FW', 'Monaco', 'SEN');
INSERT INTO public.players (id, name, birth_year, playing_position, local_club, national_team) VALUES (372, 'Kudus Mohammed', 2000, 'FW', 'Ajax', 'GHA');
INSERT INTO public.players (id, name, birth_year, playing_position, local_club, national_team) VALUES (373, 'Kwon Chang-hoon', 1994, 'FW', 'Sangju Sangmu', 'KOR');
INSERT INTO public.players (id, name, birth_year, playing_position, local_club, national_team) VALUES (374, 'Kwon Kyung-won', 1992, 'DF', 'Gamba Osaka', 'KOR');
INSERT INTO public.players (id, name, birth_year, playing_position, local_club, national_team) VALUES (375, 'Kye Rowles', 1998, 'DF', 'Hearts', 'AUS');
INSERT INTO public.players (id, name, birth_year, playing_position, local_club, national_team) VALUES (376, 'Kyle Walker', 1990, 'DF', 'Manchester City', 'ENG');
INSERT INTO public.players (id, name, birth_year, playing_position, local_club, national_team) VALUES (377, 'Kylian Mbappé', 1998, 'FW', 'Paris S-G', 'FRA');
INSERT INTO public.players (id, name, birth_year, playing_position, local_club, national_team) VALUES (378, 'Lautaro Martínez', 1997, 'FW', 'Inter', 'ARG');
INSERT INTO public.players (id, name, birth_year, playing_position, local_club, national_team) VALUES (379, 'Lawrence Ati-Zigi', 1996, 'GK', 'St. Gallen', 'GHA');
INSERT INTO public.players (id, name, birth_year, playing_position, local_club, national_team) VALUES (380, 'Leander Dendoncker', 1995, 'DF', 'Aston Villa', 'BEL');
INSERT INTO public.players (id, name, birth_year, playing_position, local_club, national_team) VALUES (381, 'Leandro Paredes', 1994, 'MF', 'Juventus', 'ARG');
INSERT INTO public.players (id, name, birth_year, playing_position, local_club, national_team) VALUES (382, 'Leandro Trossard', 1994, 'FW', 'Brighton', 'BEL');
INSERT INTO public.players (id, name, birth_year, playing_position, local_club, national_team) VALUES (383, 'Lee Jae-sung', 1992, 'MF', 'Mainz 05', 'KOR');
INSERT INTO public.players (id, name, birth_year, playing_position, local_club, national_team) VALUES (384, 'Lee Kangin', 2001, 'MF', 'Mallorca', 'KOR');
INSERT INTO public.players (id, name, birth_year, playing_position, local_club, national_team) VALUES (385, 'Leon Goretzka', 1995, 'MF', 'Bayern Munich', 'GER');
INSERT INTO public.players (id, name, birth_year, playing_position, local_club, national_team) VALUES (386, 'Leroy Sané', 1996, 'FW', 'Bayern Munich', 'GER');
INSERT INTO public.players (id, name, birth_year, playing_position, local_club, national_team) VALUES (387, 'Liam Millar', 1999, 'DF', 'Basel', 'CAN');
INSERT INTO public.players (id, name, birth_year, playing_position, local_club, national_team) VALUES (388, 'Lionel Messi', 1987, 'FW', 'Paris S-G', 'ARG');
INSERT INTO public.players (id, name, birth_year, playing_position, local_club, national_team) VALUES (389, 'Lisandro Martínez', 1998, 'DF', 'Manchester Utd', 'ARG');
INSERT INTO public.players (id, name, birth_year, playing_position, local_club, national_team) VALUES (390, 'Lovro Majer', 1998, 'MF', 'Rennes', 'CRO');
INSERT INTO public.players (id, name, birth_year, playing_position, local_club, national_team) VALUES (391, 'Loïs Openda', 2000, 'FW', 'Lens', 'BEL');
INSERT INTO public.players (id, name, birth_year, playing_position, local_club, national_team) VALUES (392, 'Lucas Cavallini', 1992, 'FW', 'Vancouver', 'CAN');
INSERT INTO public.players (id, name, birth_year, playing_position, local_club, national_team) VALUES (393, 'Lucas Hernández', 1996, 'DF', 'Bayern Munich', 'FRA');
INSERT INTO public.players (id, name, birth_year, playing_position, local_club, national_team) VALUES (394, 'Lucas Paquetá', 1997, 'MF', 'West Ham', 'BRA');
INSERT INTO public.players (id, name, birth_year, playing_position, local_club, national_team) VALUES (395, 'Luis Chávez', 1996, 'MF', 'Pachuca', 'MEX');
INSERT INTO public.players (id, name, birth_year, playing_position, local_club, national_team) VALUES (396, 'Luis Suárez', 1987, 'FW', 'Nacional', 'URU');
INSERT INTO public.players (id, name, birth_year, playing_position, local_club, national_team) VALUES (397, 'Luka Jović', 1997, 'FW', 'Fiorentina', 'SRB');
INSERT INTO public.players (id, name, birth_year, playing_position, local_club, national_team) VALUES (398, 'Luka Modrić', 1985, 'MF', 'Real Madrid', 'CRO');
INSERT INTO public.players (id, name, birth_year, playing_position, local_club, national_team) VALUES (399, 'Lukas Klostermann', 1996, 'DF', 'RB Leipzig', 'GER');
INSERT INTO public.players (id, name, birth_year, playing_position, local_club, national_team) VALUES (400, 'Luke Shaw', 1995, 'DF', 'Manchester Utd', 'ENG');
INSERT INTO public.players (id, name, birth_year, playing_position, local_club, national_team) VALUES (401, 'Luuk de Jong', 1990, 'FW', 'PSV Eindhoven', 'NLD');
INSERT INTO public.players (id, name, birth_year, playing_position, local_club, national_team) VALUES (402, 'Majid Hosseini', 1996, 'DF', 'Kayserispor', 'IRN');
INSERT INTO public.players (id, name, birth_year, playing_position, local_club, national_team) VALUES (403, 'Manuel Akanji', 1995, 'DF', 'Manchester City', 'SUI');
INSERT INTO public.players (id, name, birth_year, playing_position, local_club, national_team) VALUES (404, 'Manuel Neuer', 1986, 'GK', 'Bayern Munich', 'GER');
INSERT INTO public.players (id, name, birth_year, playing_position, local_club, national_team) VALUES (405, 'Marcelo Brozović', 1992, 'MF', 'Inter', 'CRO');
INSERT INTO public.players (id, name, birth_year, playing_position, local_club, national_team) VALUES (406, 'Marco Asensio', 1996, 'FW', 'Real Madrid', 'ESP');
INSERT INTO public.players (id, name, birth_year, playing_position, local_club, national_team) VALUES (407, 'Marcos Acuña', 1991, 'DF', 'Sevilla', 'ARG');
INSERT INTO public.players (id, name, birth_year, playing_position, local_club, national_team) VALUES (408, 'Marcos Llorente', 1995, 'DF', 'Atlético Madrid', 'ESP');
INSERT INTO public.players (id, name, birth_year, playing_position, local_club, national_team) VALUES (409, 'Marcus Rashford', 1997, 'FW', 'Manchester Utd', 'ENG');
INSERT INTO public.players (id, name, birth_year, playing_position, local_club, national_team) VALUES (410, 'Marcus Thuram', 1997, 'FW', 'M''Gladbach', 'FRA');
INSERT INTO public.players (id, name, birth_year, playing_position, local_club, national_team) VALUES (411, 'Mario Götze', 1992, 'MF', 'Eint Frankfurt', 'GER');
INSERT INTO public.players (id, name, birth_year, playing_position, local_club, national_team) VALUES (412, 'Mario Pašalić', 1995, 'FW', 'Atalanta', 'CRO');
INSERT INTO public.players (id, name, birth_year, playing_position, local_club, national_team) VALUES (413, 'Mark-Anthony Kaye', 1994, 'MF', 'Toronto FC', 'CAN');
INSERT INTO public.players (id, name, birth_year, playing_position, local_club, national_team) VALUES (414, 'Marko Grujić', 1996, 'MF', 'Porto', 'SRB');
INSERT INTO public.players (id, name, birth_year, playing_position, local_club, national_team) VALUES (415, 'Marko Livaja', 1993, 'FW', 'Hajduk Split', 'CRO');
INSERT INTO public.players (id, name, birth_year, playing_position, local_club, national_team) VALUES (416, 'Marquinhos', 1994, 'DF', 'Paris S-G', 'BRA');
INSERT INTO public.players (id, name, birth_year, playing_position, local_club, national_team) VALUES (417, 'Marten de Roon', 1991, 'MF', 'Atalanta', 'NLD');
INSERT INTO public.players (id, name, birth_year, playing_position, local_club, national_team) VALUES (418, 'Martin Braithwaite', 1991, 'FW', 'Espanyol', 'DEN');
INSERT INTO public.players (id, name, birth_year, playing_position, local_club, national_team) VALUES (419, 'Martin Hongla', 1998, 'MF', 'Hellas Verona', 'CMR');
INSERT INTO public.players (id, name, birth_year, playing_position, local_club, national_team) VALUES (420, 'Martinelli', 2001, 'FW', 'Arsenal', 'BRA');
INSERT INTO public.players (id, name, birth_year, playing_position, local_club, national_team) VALUES (421, 'Martín Cáceres', 1987, 'DF', 'LA Galaxy', 'URU');
INSERT INTO public.players (id, name, birth_year, playing_position, local_club, national_team) VALUES (422, 'Mason Mount', 1999, 'MF', 'Chelsea', 'ENG');
INSERT INTO public.players (id, name, birth_year, playing_position, local_club, national_team) VALUES (423, 'Mateo Kovačić', 1994, 'MF', 'Chelsea', 'CRO');
INSERT INTO public.players (id, name, birth_year, playing_position, local_club, national_team) VALUES (424, 'Matheus Nunes', 1998, 'MF', 'Wolves', 'PRT');
INSERT INTO public.players (id, name, birth_year, playing_position, local_club, national_team) VALUES (425, 'Mathew Leckie', 1991, 'MF', 'Melb City', 'AUS');
INSERT INTO public.players (id, name, birth_year, playing_position, local_club, national_team) VALUES (426, 'Mathew Ryan', 1992, 'GK', 'FC Copenhagen', 'AUS');
INSERT INTO public.players (id, name, birth_year, playing_position, local_club, national_team) VALUES (427, 'Mathias Jensen', 1996, 'MF', 'Brentford', 'DEN');
INSERT INTO public.players (id, name, birth_year, playing_position, local_club, national_team) VALUES (428, 'Mathías Olivera', 1997, 'DF', 'Napoli', 'URU');
INSERT INTO public.players (id, name, birth_year, playing_position, local_club, national_team) VALUES (429, 'Matt Turner', 1994, 'GK', 'Arsenal', 'USA');
INSERT INTO public.players (id, name, birth_year, playing_position, local_club, national_team) VALUES (430, 'Matthias Ginter', 1994, 'DF', 'Freiburg', 'GER');
INSERT INTO public.players (id, name, birth_year, playing_position, local_club, national_team) VALUES (431, 'Matthijs de Ligt', 1999, 'DF', 'Bayern Munich', 'NLD');
INSERT INTO public.players (id, name, birth_year, playing_position, local_club, national_team) VALUES (432, 'Matty Cash', 1997, 'DF', 'Aston Villa', 'POL');
INSERT INTO public.players (id, name, birth_year, playing_position, local_club, national_team) VALUES (433, 'Mattéo Guendouzi', 1999, 'FW', 'Marseille', 'FRA');
INSERT INTO public.players (id, name, birth_year, playing_position, local_club, national_team) VALUES (434, 'Matías Vecino', 1991, 'MF', 'Lazio', 'URU');
INSERT INTO public.players (id, name, birth_year, playing_position, local_club, national_team) VALUES (435, 'Matías Viña', 1997, 'DF', 'Roma', 'URU');
INSERT INTO public.players (id, name, birth_year, playing_position, local_club, national_team) VALUES (436, 'Maxi Gómez', 1996, 'FW', 'Trabzonspor', 'URU');
INSERT INTO public.players (id, name, birth_year, playing_position, local_club, national_team) VALUES (437, 'Maya Yoshida', 1988, 'DF', 'Schalke 04', 'JPN');
INSERT INTO public.players (id, name, birth_year, playing_position, local_club, national_team) VALUES (438, 'Mehdi Taremi', 1992, 'FW', 'Porto', 'IRN');
INSERT INTO public.players (id, name, birth_year, playing_position, local_club, national_team) VALUES (439, 'Mehdi Torabi', 1994, 'MF', 'Persepolis', 'IRN');
INSERT INTO public.players (id, name, birth_year, playing_position, local_club, national_team) VALUES (440, 'Memphis', 1994, 'FW', 'Barcelona', 'NLD');
INSERT INTO public.players (id, name, birth_year, playing_position, local_club, national_team) VALUES (441, 'Meshaal Barsham', 1998, 'GK', 'Al Sadd SC', 'QAT');
INSERT INTO public.players (id, name, birth_year, playing_position, local_club, national_team) VALUES (442, 'Michael Estrada', 1996, 'FW', 'Cruz Azul', 'ECU');
INSERT INTO public.players (id, name, birth_year, playing_position, local_club, national_team) VALUES (443, 'Michał Skóraś', 2000, 'MF', 'Lech Poznań', 'POL');
INSERT INTO public.players (id, name, birth_year, playing_position, local_club, national_team) VALUES (444, 'Michel Aebischer', 1997, 'MF', 'Bologna', 'SUI');
INSERT INTO public.players (id, name, birth_year, playing_position, local_club, national_team) VALUES (445, 'Michy Batshuayi', 1993, 'FW', 'Fenerbahçe', 'BEL');
INSERT INTO public.players (id, name, birth_year, playing_position, local_club, national_team) VALUES (446, 'Miki Yamane', 1993, 'DF', 'Kawa Frontale', 'JPN');
INSERT INTO public.players (id, name, birth_year, playing_position, local_club, national_team) VALUES (447, 'Mikkel Damsgaard', 2000, 'MF', 'Brentford', 'DEN');
INSERT INTO public.players (id, name, birth_year, playing_position, local_club, national_team) VALUES (448, 'Milad Mohammadi', 1993, 'DF', 'AEK Athens', 'IRN');
INSERT INTO public.players (id, name, birth_year, playing_position, local_club, national_team) VALUES (449, 'Milan Borjan', 1987, 'GK', 'Red Star', 'CAN');
INSERT INTO public.players (id, name, birth_year, playing_position, local_club, national_team) VALUES (450, 'Miloš Degenek', 1994, 'DF', 'Columbus Crew', 'AUS');
INSERT INTO public.players (id, name, birth_year, playing_position, local_club, national_team) VALUES (451, 'Miloš Veljković', 1995, 'DF', 'Werder Bremen', 'SRB');
INSERT INTO public.players (id, name, birth_year, playing_position, local_club, national_team) VALUES (452, 'Mislav Oršić', 1992, 'FW', 'Dinamo Zagreb', 'CRO');
INSERT INTO public.players (id, name, birth_year, playing_position, local_club, national_team) VALUES (453, 'Mitchell Duke', 1991, 'FW', 'Fagi Okayama', 'AUS');
INSERT INTO public.players (id, name, birth_year, playing_position, local_club, national_team) VALUES (454, 'Mohamed Ali Ben Romdhane', 1999, 'MF', 'Espérance de Tunis', 'TUN');
INSERT INTO public.players (id, name, birth_year, playing_position, local_club, national_team) VALUES (455, 'Mohamed Dräger', 1996, 'DF', 'Luzern', 'TUN');
INSERT INTO public.players (id, name, birth_year, playing_position, local_club, national_team) VALUES (456, 'Mohamed Kanno', 1994, 'MF', 'Al-Hilal', 'SAU');
INSERT INTO public.players (id, name, birth_year, playing_position, local_club, national_team) VALUES (457, 'Mohammed Al-Breik', 1992, 'DF', 'Al-Hilal', 'SAU');
INSERT INTO public.players (id, name, birth_year, playing_position, local_club, national_team) VALUES (458, 'Mohammed Al-Owais', 1991, 'GK', 'Al-Hilal', 'SAU');
INSERT INTO public.players (id, name, birth_year, playing_position, local_club, national_team) VALUES (459, 'Mohammed Muntari', 1993, 'FW', 'Al Duhail SC', 'QAT');
INSERT INTO public.players (id, name, birth_year, playing_position, local_club, national_team) VALUES (460, 'Mohammed Salisu', 1999, 'DF', 'Southampton', 'GHA');
INSERT INTO public.players (id, name, birth_year, playing_position, local_club, national_team) VALUES (461, 'Mohammed Waad', 1999, 'MF', 'Al Sadd SC', 'QAT');
INSERT INTO public.players (id, name, birth_year, playing_position, local_club, national_team) VALUES (462, 'Moisés Caicedo', 2001, 'MF', 'Brighton', 'ECU');
INSERT INTO public.players (id, name, birth_year, playing_position, local_club, national_team) VALUES (463, 'Montassar Talbi', 1998, 'DF', 'Lorient', 'TUN');
INSERT INTO public.players (id, name, birth_year, playing_position, local_club, national_team) VALUES (464, 'Morteza Pouraliganji', 1992, 'DF', 'Persepolis', 'IRN');
INSERT INTO public.players (id, name, birth_year, playing_position, local_club, national_team) VALUES (465, 'Moumi Ngamaleu', 1994, 'FW', 'Dynamo Mosc', 'CMR');
INSERT INTO public.players (id, name, birth_year, playing_position, local_club, national_team) VALUES (466, 'Munir', 1989, 'GK', 'Al-Wehda', 'MAR');
INSERT INTO public.players (id, name, birth_year, playing_position, local_club, national_team) VALUES (467, 'Musab Kheder', 1993, 'DF', 'Al Sadd SC', 'QAT');
INSERT INTO public.players (id, name, birth_year, playing_position, local_club, national_team) VALUES (468, 'Na Sang-ho', 1996, 'FW', 'FC Seoul', 'KOR');
INSERT INTO public.players (id, name, birth_year, playing_position, local_club, national_team) VALUES (469, 'Nader Ghandri', 1995, 'DF', 'Club Africain', 'TUN');
INSERT INTO public.players (id, name, birth_year, playing_position, local_club, national_team) VALUES (470, 'Nahuel Molina', 1998, 'DF', 'Atlético Madrid', 'ARG');
INSERT INTO public.players (id, name, birth_year, playing_position, local_club, national_team) VALUES (471, 'Nampalys Mendy', 1992, 'MF', 'Leicester City', 'SEN');
INSERT INTO public.players (id, name, birth_year, playing_position, local_club, national_team) VALUES (472, 'Nasser Al-Dawsari', 1998, 'FW', 'Al-Hilal', 'SAU');
INSERT INTO public.players (id, name, birth_year, playing_position, local_club, national_team) VALUES (473, 'Nathan Aké', 1995, 'DF', 'Manchester City', 'NLD');
INSERT INTO public.players (id, name, birth_year, playing_position, local_club, national_team) VALUES (474, 'Nathaniel Atkinson', 1999, 'DF', 'Hearts', 'AUS');
INSERT INTO public.players (id, name, birth_year, playing_position, local_club, national_team) VALUES (475, 'Nawaf Al Abed', 1990, 'MF', 'Al-Shabab', 'SAU');
INSERT INTO public.players (id, name, birth_year, playing_position, local_club, national_team) VALUES (476, 'Nayef Aguerd', 1996, 'DF', 'West Ham', 'MAR');
INSERT INTO public.players (id, name, birth_year, playing_position, local_club, national_team) VALUES (477, 'Naïm Sliti', 1992, 'MF', 'Al-Ettifaq', 'TUN');
INSERT INTO public.players (id, name, birth_year, playing_position, local_club, national_team) VALUES (478, 'Neco Williams', 2001, 'DF', 'Nott''ham Forest', 'WAL');
INSERT INTO public.players (id, name, birth_year, playing_position, local_club, national_team) VALUES (479, 'Nemanja Gudelj', 1991, 'MF', 'Sevilla', 'SRB');
INSERT INTO public.players (id, name, birth_year, playing_position, local_club, national_team) VALUES (480, 'Nemanja Maksimović', 1995, 'MF', 'Getafe', 'SRB');
INSERT INTO public.players (id, name, birth_year, playing_position, local_club, national_team) VALUES (481, 'Nemanja Radonjić', 1996, 'DF', 'Torino', 'SRB');
INSERT INTO public.players (id, name, birth_year, playing_position, local_club, national_team) VALUES (482, 'Neymar', 1992, 'MF', 'Paris S-G', 'BRA');
INSERT INTO public.players (id, name, birth_year, playing_position, local_club, national_team) VALUES (483, 'Niclas Füllkrug', 1993, 'FW', 'Werder Bremen', 'GER');
INSERT INTO public.players (id, name, birth_year, playing_position, local_club, national_team) VALUES (484, 'Nico Elvedi', 1996, 'DF', 'M''Gladbach', 'SUI');
INSERT INTO public.players (id, name, birth_year, playing_position, local_club, national_team) VALUES (485, 'Nico Schlotterbeck', 1999, 'DF', 'Dortmund', 'GER');
INSERT INTO public.players (id, name, birth_year, playing_position, local_club, national_team) VALUES (486, 'Nico Williams', 2002, 'FW', 'Athletic Club', 'ESP');
INSERT INTO public.players (id, name, birth_year, playing_position, local_club, national_team) VALUES (487, 'Nicola Zalewski', 2002, 'MF', 'Roma', 'POL');
INSERT INTO public.players (id, name, birth_year, playing_position, local_club, national_team) VALUES (488, 'Nicolas Jackson', 2001, 'FW', 'Villarreal', 'SEN');
INSERT INTO public.players (id, name, birth_year, playing_position, local_club, national_team) VALUES (489, 'Nicolas Nkoulou', 1990, 'DF', 'Aris', 'CMR');
INSERT INTO public.players (id, name, birth_year, playing_position, local_club, national_team) VALUES (490, 'Nicolás De La Cruz', 1997, 'MF', 'River Plate', 'URU');
INSERT INTO public.players (id, name, birth_year, playing_position, local_club, national_team) VALUES (491, 'Nicolás Otamendi', 1988, 'DF', 'Benfica', 'ARG');
INSERT INTO public.players (id, name, birth_year, playing_position, local_club, national_team) VALUES (492, 'Nicolás Tagliafico', 1992, 'DF', 'Lyon', 'ARG');
INSERT INTO public.players (id, name, birth_year, playing_position, local_club, national_team) VALUES (493, 'Niklas Süle', 1995, 'DF', 'Dortmund', 'GER');
INSERT INTO public.players (id, name, birth_year, playing_position, local_club, national_team) VALUES (494, 'Nikola Milenković', 1997, 'DF', 'Fiorentina', 'SRB');
INSERT INTO public.players (id, name, birth_year, playing_position, local_club, national_team) VALUES (495, 'Nikola Vlašić', 1997, 'FW', 'Torino', 'CRO');
INSERT INTO public.players (id, name, birth_year, playing_position, local_club, national_team) VALUES (496, 'Noa Lang', 1999, 'MF', 'Club Brugge', 'NLD');
INSERT INTO public.players (id, name, birth_year, playing_position, local_club, national_team) VALUES (497, 'Noah Okafor', 2000, 'FW', 'RB Salzburg', 'SUI');
INSERT INTO public.players (id, name, birth_year, playing_position, local_club, national_team) VALUES (498, 'Nouhou Tolo', 1997, 'DF', 'Seattle', 'CMR');
INSERT INTO public.players (id, name, birth_year, playing_position, local_club, national_team) VALUES (499, 'Noussair Mazraoui', 1997, 'DF', 'Bayern Munich', 'MAR');
INSERT INTO public.players (id, name, birth_year, playing_position, local_club, national_team) VALUES (500, 'Nuno Mendes', 2002, 'DF', 'Paris S-G', 'PRT');
INSERT INTO public.players (id, name, birth_year, playing_position, local_club, national_team) VALUES (501, 'Néstor Araujo', 1991, 'DF', 'América', 'MEX');
INSERT INTO public.players (id, name, birth_year, playing_position, local_club, national_team) VALUES (502, 'Olivier Giroud', 1986, 'FW', 'Milan', 'FRA');
INSERT INTO public.players (id, name, birth_year, playing_position, local_club, national_team) VALUES (503, 'Olivier Ntcham', 1996, 'MF', 'Swansea City', 'CMR');
INSERT INTO public.players (id, name, birth_year, playing_position, local_club, national_team) VALUES (504, 'Orbelín Pineda', 1996, 'MF', 'AEK Athens', 'MEX');
INSERT INTO public.players (id, name, birth_year, playing_position, local_club, national_team) VALUES (505, 'Osman Bukari', 1998, 'MF', 'Red Star', 'GHA');
INSERT INTO public.players (id, name, birth_year, playing_position, local_club, national_team) VALUES (506, 'Otávio', 1995, 'MF', 'Porto', 'PRT');
INSERT INTO public.players (id, name, birth_year, playing_position, local_club, national_team) VALUES (507, 'Ousmane Dembélé', 1997, 'FW', 'Barcelona', 'FRA');
INSERT INTO public.players (id, name, birth_year, playing_position, local_club, national_team) VALUES (508, 'Pablo Sarabia', 1992, 'FW', 'Paris S-G', 'ESP');
INSERT INTO public.players (id, name, birth_year, playing_position, local_club, national_team) VALUES (509, 'Paik Seung-ho', 1997, 'MF', 'Jeonbuk', 'KOR');
INSERT INTO public.players (id, name, birth_year, playing_position, local_club, national_team) VALUES (510, 'Pape Abou Cissé', 1995, 'DF', 'Olympiacos', 'SEN');
INSERT INTO public.players (id, name, birth_year, playing_position, local_club, national_team) VALUES (511, 'Pape Gueye', 1999, 'MF', 'Marseille', 'SEN');
INSERT INTO public.players (id, name, birth_year, playing_position, local_club, national_team) VALUES (512, 'Pape Matar Sarr', 2002, 'MF', 'Tottenham', 'SEN');
INSERT INTO public.players (id, name, birth_year, playing_position, local_club, national_team) VALUES (513, 'Papu Gómez', 1988, 'MF', 'Sevilla', 'ARG');
INSERT INTO public.players (id, name, birth_year, playing_position, local_club, national_team) VALUES (514, 'Pathé Ciss', 1994, 'MF', 'Rayo Vallecano', 'SEN');
INSERT INTO public.players (id, name, birth_year, playing_position, local_club, national_team) VALUES (515, 'Pau Torres', 1997, 'DF', 'Villarreal', 'ESP');
INSERT INTO public.players (id, name, birth_year, playing_position, local_club, national_team) VALUES (516, 'Paulo Dybala', 1993, 'FW', 'Roma', 'ARG');
INSERT INTO public.players (id, name, birth_year, playing_position, local_club, national_team) VALUES (517, 'Pedri', 2002, 'MF', 'Barcelona', 'ESP');
INSERT INTO public.players (id, name, birth_year, playing_position, local_club, national_team) VALUES (518, 'Pedro', 1997, 'FW', 'Flamengo', 'BRA');
INSERT INTO public.players (id, name, birth_year, playing_position, local_club, national_team) VALUES (519, 'Pepe', 1983, 'DF', 'Porto', 'PRT');
INSERT INTO public.players (id, name, birth_year, playing_position, local_club, national_team) VALUES (520, 'Pervis Estupiñán', 1998, 'DF', 'Brighton', 'ECU');
INSERT INTO public.players (id, name, birth_year, playing_position, local_club, national_team) VALUES (521, 'Phil Foden', 2000, 'FW', 'Manchester City', 'ENG');
INSERT INTO public.players (id, name, birth_year, playing_position, local_club, national_team) VALUES (522, 'Piero Hincapié', 2002, 'DF', 'Leverkusen', 'ECU');
INSERT INTO public.players (id, name, birth_year, playing_position, local_club, national_team) VALUES (523, 'Pierre Højbjerg', 1995, 'MF', 'Tottenham', 'DEN');
INSERT INTO public.players (id, name, birth_year, playing_position, local_club, national_team) VALUES (524, 'Pierre Kunde', 1995, 'MF', 'Olympiacos', 'CMR');
INSERT INTO public.players (id, name, birth_year, playing_position, local_club, national_team) VALUES (525, 'Piotr Zieliński', 1994, 'MF', 'Napoli', 'POL');
INSERT INTO public.players (id, name, birth_year, playing_position, local_club, national_team) VALUES (526, 'Przemysław Frankowski', 1995, 'MF', 'Lens', 'POL');
INSERT INTO public.players (id, name, birth_year, playing_position, local_club, national_team) VALUES (527, 'Rafael Leão', 1999, 'FW', 'Milan', 'PRT');
INSERT INTO public.players (id, name, birth_year, playing_position, local_club, national_team) VALUES (528, 'Raheem Sterling', 1994, 'FW', 'Chelsea', 'ENG');
INSERT INTO public.players (id, name, birth_year, playing_position, local_club, national_team) VALUES (529, 'Ramin Rezaeian', 1990, 'DF', 'Sepahan', 'IRN');
INSERT INTO public.players (id, name, birth_year, playing_position, local_club, national_team) VALUES (530, 'Randal Kolo Muani', 1998, 'FW', 'Eint Frankfurt', 'FRA');
INSERT INTO public.players (id, name, birth_year, playing_position, local_club, national_team) VALUES (531, 'Raphaël Guerreiro', 1993, 'DF', 'Dortmund', 'PRT');
INSERT INTO public.players (id, name, birth_year, playing_position, local_club, national_team) VALUES (532, 'Raphaël Varane', 1993, 'DF', 'Manchester Utd', 'FRA');
INSERT INTO public.players (id, name, birth_year, playing_position, local_club, national_team) VALUES (533, 'Raphinha', 1996, 'FW', 'Barcelona', 'BRA');
INSERT INTO public.players (id, name, birth_year, playing_position, local_club, national_team) VALUES (534, 'Rasmus Nissen', 1997, 'DF', 'Leeds United', 'DEN');
INSERT INTO public.players (id, name, birth_year, playing_position, local_club, national_team) VALUES (535, 'Raúl Jiménez', 1991, 'FW', 'Wolves', 'MEX');
INSERT INTO public.players (id, name, birth_year, playing_position, local_club, national_team) VALUES (536, 'Remo Freuler', 1992, 'MF', 'Nott''ham Forest', 'SUI');
INSERT INTO public.players (id, name, birth_year, playing_position, local_club, national_team) VALUES (537, 'Renato Steffen', 1991, 'FW', 'Lugano', 'SUI');
INSERT INTO public.players (id, name, birth_year, playing_position, local_club, national_team) VALUES (538, 'Ricardo Horta', 1994, 'FW', 'Braga', 'PRT');
INSERT INTO public.players (id, name, birth_year, playing_position, local_club, national_team) VALUES (539, 'Ricardo Rodríguez', 1992, 'DF', 'Torino', 'SUI');
INSERT INTO public.players (id, name, birth_year, playing_position, local_club, national_team) VALUES (540, 'Richarlison', 1997, 'FW', 'Tottenham', 'BRA');
INSERT INTO public.players (id, name, birth_year, playing_position, local_club, national_team) VALUES (541, 'Richie Laryea', 1995, 'DF', 'Toronto FC', 'CAN');
INSERT INTO public.players (id, name, birth_year, playing_position, local_club, national_team) VALUES (542, 'Riley McGree', 1998, 'FW', 'Middlesbrough', 'AUS');
INSERT INTO public.players (id, name, birth_year, playing_position, local_club, national_team) VALUES (543, 'Ritsu Doan', 1998, 'FW', 'Freiburg', 'JPN');
INSERT INTO public.players (id, name, birth_year, playing_position, local_club, national_team) VALUES (544, 'Riyadh Sharahili', 1993, 'MF', 'Abha', 'SAU');
INSERT INTO public.players (id, name, birth_year, playing_position, local_club, national_team) VALUES (545, 'Roan Wilson', 2002, 'MF', 'Municipal Grecia', 'CRC');
INSERT INTO public.players (id, name, birth_year, playing_position, local_club, national_team) VALUES (546, 'Robert Lewandowski', 1988, 'FW', 'Barcelona', 'POL');
INSERT INTO public.players (id, name, birth_year, playing_position, local_club, national_team) VALUES (547, 'Robert Skov', 1996, 'DF', 'Hoffenheim', 'DEN');
INSERT INTO public.players (id, name, birth_year, playing_position, local_club, national_team) VALUES (548, 'Roberto Alvarado', 1998, 'FW', 'Guadalajara', 'MEX');
INSERT INTO public.players (id, name, birth_year, playing_position, local_club, national_team) VALUES (549, 'Rodri', 1996, 'DF', 'Manchester City', 'ESP');
INSERT INTO public.players (id, name, birth_year, playing_position, local_club, national_team) VALUES (550, 'Rodrigo Bentancur', 1997, 'MF', 'Tottenham', 'URU');
INSERT INTO public.players (id, name, birth_year, playing_position, local_club, national_team) VALUES (551, 'Rodrigo De Paul', 1994, 'MF', 'Atlético Madrid', 'ARG');
INSERT INTO public.players (id, name, birth_year, playing_position, local_club, national_team) VALUES (552, 'Rodrygo', 2001, 'MF', 'Real Madrid', 'BRA');
INSERT INTO public.players (id, name, birth_year, playing_position, local_club, national_team) VALUES (553, 'Rogelio Funes Mori', 1991, 'FW', 'Monterrey', 'MEX');
INSERT INTO public.players (id, name, birth_year, playing_position, local_club, national_team) VALUES (554, 'Romain Saïss', 1990, 'DF', 'Beşiktaş', 'MAR');
INSERT INTO public.players (id, name, birth_year, playing_position, local_club, national_team) VALUES (555, 'Romario Ibarra', 1994, 'MF', 'Pachuca', 'ECU');
INSERT INTO public.players (id, name, birth_year, playing_position, local_club, national_team) VALUES (556, 'Romelu Lukaku', 1993, 'FW', 'Inter', 'BEL');
INSERT INTO public.players (id, name, birth_year, playing_position, local_club, national_team) VALUES (557, 'Roozbeh Cheshmi', 1993, 'DF', 'Esteghlal', 'IRN');
INSERT INTO public.players (id, name, birth_year, playing_position, local_club, national_team) VALUES (558, 'Ruben Vargas', 1998, 'FW', 'Augsburg', 'SUI');
INSERT INTO public.players (id, name, birth_year, playing_position, local_club, national_team) VALUES (559, 'Rubin Colwill', 2002, 'MF', 'Cardiff City', 'WAL');
INSERT INTO public.players (id, name, birth_year, playing_position, local_club, national_team) VALUES (560, 'Ró-Ró', 1990, 'DF', 'Al Sadd SC', 'QAT');
INSERT INTO public.players (id, name, birth_year, playing_position, local_club, national_team) VALUES (561, 'Rónald Matarrita', 1994, 'DF', 'FC Cincinnati', 'CRC');
INSERT INTO public.players (id, name, birth_year, playing_position, local_club, national_team) VALUES (562, 'Rúben Dias', 1997, 'DF', 'Manchester City', 'PRT');
INSERT INTO public.players (id, name, birth_year, playing_position, local_club, national_team) VALUES (563, 'Rúben Neves', 1997, 'MF', 'Wolves', 'PRT');
INSERT INTO public.players (id, name, birth_year, playing_position, local_club, national_team) VALUES (564, 'Saad Al Sheeb', 1990, 'GK', 'Al Sadd SC', 'QAT');
INSERT INTO public.players (id, name, birth_year, playing_position, local_club, national_team) VALUES (565, 'Sadegh Moharrami', 1996, 'DF', 'Dinamo Zagreb', 'IRN');
INSERT INTO public.players (id, name, birth_year, playing_position, local_club, national_team) VALUES (566, 'Saeid Ezatolahi', 1996, 'MF', 'Vejle BK', 'IRN');
INSERT INTO public.players (id, name, birth_year, playing_position, local_club, national_team) VALUES (567, 'Saleh Al-Shehri', 1993, 'FW', 'Al-Hilal', 'SAU');
INSERT INTO public.players (id, name, birth_year, playing_position, local_club, national_team) VALUES (568, 'Salem Al-Dawsari', 1991, 'MF', 'Al-Hilal', 'SAU');
INSERT INTO public.players (id, name, birth_year, playing_position, local_club, national_team) VALUES (569, 'Salis Abdul Samed', 2000, 'MF', 'Lens', 'GHA');
INSERT INTO public.players (id, name, birth_year, playing_position, local_club, national_team) VALUES (570, 'Salman Al-Faraj', 1989, 'MF', 'Al-Hilal', 'SAU');
INSERT INTO public.players (id, name, birth_year, playing_position, local_club, national_team) VALUES (571, 'Sam Adekugbe', 1995, 'DF', 'Hatayspor', 'CAN');
INSERT INTO public.players (id, name, birth_year, playing_position, local_club, national_team) VALUES (572, 'Saman Ghoddos', 1993, 'MF', 'Brentford', 'IRN');
INSERT INTO public.players (id, name, birth_year, playing_position, local_club, national_team) VALUES (573, 'Sami Al-Najei', 1997, 'MF', 'Al-Nassr', 'SAU');
INSERT INTO public.players (id, name, birth_year, playing_position, local_club, national_team) VALUES (574, 'Samuel Oum Gouet', 1997, 'MF', 'Mechelen', 'CMR');
INSERT INTO public.players (id, name, birth_year, playing_position, local_club, national_team) VALUES (575, 'Sardar Azmoun', 1995, 'FW', 'Leverkusen', 'IRN');
INSERT INTO public.players (id, name, birth_year, playing_position, local_club, national_team) VALUES (576, 'Saud Abdulhamid', 1999, 'DF', 'Al-Hilal', 'SAU');
INSERT INTO public.players (id, name, birth_year, playing_position, local_club, national_team) VALUES (577, 'Saša Lukić', 1996, 'MF', 'Torino', 'SRB');
INSERT INTO public.players (id, name, birth_year, playing_position, local_club, national_team) VALUES (578, 'Sebastian Szymański', 1999, 'MF', 'Feyenoord', 'POL');
INSERT INTO public.players (id, name, birth_year, playing_position, local_club, national_team) VALUES (579, 'Sebastián Coates', 1990, 'DF', 'Sporting CP', 'URU');
INSERT INTO public.players (id, name, birth_year, playing_position, local_club, national_team) VALUES (580, 'Selim Amallah', 1996, 'MF', 'Standard Liège', 'MAR');
INSERT INTO public.players (id, name, birth_year, playing_position, local_club, national_team) VALUES (581, 'Serge Gnabry', 1995, 'FW', 'Bayern Munich', 'GER');
INSERT INTO public.players (id, name, birth_year, playing_position, local_club, national_team) VALUES (582, 'Sergej Milinković-Savić', 1995, 'MF', 'Lazio', 'SRB');
INSERT INTO public.players (id, name, birth_year, playing_position, local_club, national_team) VALUES (583, 'Sergio Busquets', 1988, 'MF', 'Barcelona', 'ESP');
INSERT INTO public.players (id, name, birth_year, playing_position, local_club, national_team) VALUES (584, 'Sergio Rochet', 1993, 'GK', 'Nacional', 'URU');
INSERT INTO public.players (id, name, birth_year, playing_position, local_club, national_team) VALUES (585, 'Sergiño Dest', 2000, 'DF', 'Milan', 'USA');
INSERT INTO public.players (id, name, birth_year, playing_position, local_club, national_team) VALUES (586, 'Shaquell Moore', 1996, 'DF', 'Nashville', 'USA');
INSERT INTO public.players (id, name, birth_year, playing_position, local_club, national_team) VALUES (587, 'Shogo Taniguchi', 1991, 'DF', 'Kawa Frontale', 'JPN');
INSERT INTO public.players (id, name, birth_year, playing_position, local_club, national_team) VALUES (588, 'Shūichi Gonda', 1989, 'GK', 'S-Pulse', 'JPN');
INSERT INTO public.players (id, name, birth_year, playing_position, local_club, national_team) VALUES (589, 'Silvan Widmer', 1993, 'DF', 'Mainz 05', 'SUI');
INSERT INTO public.players (id, name, birth_year, playing_position, local_club, national_team) VALUES (590, 'Simon Kjær', 1989, 'DF', 'Milan', 'DEN');
INSERT INTO public.players (id, name, birth_year, playing_position, local_club, national_team) VALUES (591, 'Sofiane Boufal', 1993, 'FW', 'Angers', 'MAR');
INSERT INTO public.players (id, name, birth_year, playing_position, local_club, national_team) VALUES (592, 'Sofyan Amrabat', 1996, 'MF', 'Fiorentina', 'MAR');
INSERT INTO public.players (id, name, birth_year, playing_position, local_club, national_team) VALUES (593, 'Son Heung-min', 1992, 'FW', 'Tottenham', 'KOR');
INSERT INTO public.players (id, name, birth_year, playing_position, local_club, national_team) VALUES (594, 'Son Jun-ho', 1992, 'MF', 'Shandong Lunen', 'KOR');
INSERT INTO public.players (id, name, birth_year, playing_position, local_club, national_team) VALUES (595, 'Sorba Thomas', 1999, 'MF', 'Huddersfield', 'WAL');
INSERT INTO public.players (id, name, birth_year, playing_position, local_club, national_team) VALUES (596, 'Srđan Babić', 1996, 'DF', 'Almería', 'SRB');
INSERT INTO public.players (id, name, birth_year, playing_position, local_club, national_team) VALUES (597, 'Stefan Mitrović', 1990, 'DF', 'Getafe', 'SRB');
INSERT INTO public.players (id, name, birth_year, playing_position, local_club, national_team) VALUES (598, 'Stephen Eustáquio', 1996, 'MF', 'Porto', 'CAN');
INSERT INTO public.players (id, name, birth_year, playing_position, local_club, national_team) VALUES (599, 'Steve Mandanda', 1985, 'GK', 'Rennes', 'FRA');
INSERT INTO public.players (id, name, birth_year, playing_position, local_club, national_team) VALUES (600, 'Steven Berghuis', 1991, 'MF', 'Ajax', 'NLD');
INSERT INTO public.players (id, name, birth_year, playing_position, local_club, national_team) VALUES (601, 'Steven Bergwijn', 1997, 'FW', 'Ajax', 'NLD');
INSERT INTO public.players (id, name, birth_year, playing_position, local_club, national_team) VALUES (602, 'Steven Vitória', 1987, 'DF', 'Chaves', 'CAN');
INSERT INTO public.players (id, name, birth_year, playing_position, local_club, national_team) VALUES (603, 'Strahinja Pavlović', 2001, 'DF', 'RB Salzburg', 'SRB');
INSERT INTO public.players (id, name, birth_year, playing_position, local_club, national_team) VALUES (604, 'Sultan Al-Ghanam', 1994, 'DF', 'Al-Nassr', 'SAU');
INSERT INTO public.players (id, name, birth_year, playing_position, local_club, national_team) VALUES (605, 'Taha Yassine Khenissi', 1992, 'FW', 'Kuwait SC', 'TUN');
INSERT INTO public.players (id, name, birth_year, playing_position, local_club, national_team) VALUES (606, 'Tajon Buchanan', 1999, 'MF', 'Club Brugge', 'CAN');
INSERT INTO public.players (id, name, birth_year, playing_position, local_club, national_team) VALUES (607, 'Takefusa Kubo', 2001, 'FW', 'Real Sociedad', 'JPN');
INSERT INTO public.players (id, name, birth_year, playing_position, local_club, national_team) VALUES (608, 'Takehiro Tomiyasu', 1998, 'DF', 'Arsenal', 'JPN');
INSERT INTO public.players (id, name, birth_year, playing_position, local_club, national_team) VALUES (609, 'Takuma Asano', 1994, 'FW', 'Bochum', 'JPN');
INSERT INTO public.players (id, name, birth_year, playing_position, local_club, national_team) VALUES (610, 'Takumi Minamino', 1995, 'FW', 'Monaco', 'JPN');
INSERT INTO public.players (id, name, birth_year, playing_position, local_club, national_team) VALUES (611, 'Tarek Salman', 1997, 'DF', 'Al Sadd SC', 'QAT');
INSERT INTO public.players (id, name, birth_year, playing_position, local_club, national_team) VALUES (612, 'Tariq Lamptey', 2000, 'DF', 'Brighton', 'GHA');
INSERT INTO public.players (id, name, birth_year, playing_position, local_club, national_team) VALUES (613, 'Teun Koopmeiners', 1998, 'MF', 'Atalanta', 'NLD');
INSERT INTO public.players (id, name, birth_year, playing_position, local_club, national_team) VALUES (614, 'Theo Hernández', 1997, 'DF', 'Milan', 'FRA');
INSERT INTO public.players (id, name, birth_year, playing_position, local_club, national_team) VALUES (615, 'Thiago Almada', 2001, 'MF', 'Atlanta Utd', 'ARG');
INSERT INTO public.players (id, name, birth_year, playing_position, local_club, national_team) VALUES (616, 'Thiago Silva', 1984, 'DF', 'Chelsea', 'BRA');
INSERT INTO public.players (id, name, birth_year, playing_position, local_club, national_team) VALUES (617, 'Thibaut Courtois', 1992, 'GK', 'Real Madrid', 'BEL');
INSERT INTO public.players (id, name, birth_year, playing_position, local_club, national_team) VALUES (618, 'Thilo Kehrer', 1996, 'DF', 'West Ham', 'GER');
INSERT INTO public.players (id, name, birth_year, playing_position, local_club, national_team) VALUES (619, 'Thomas Delaney', 1991, 'MF', 'Sevilla', 'DEN');
INSERT INTO public.players (id, name, birth_year, playing_position, local_club, national_team) VALUES (620, 'Thomas Meunier', 1991, 'DF', 'Dortmund', 'BEL');
INSERT INTO public.players (id, name, birth_year, playing_position, local_club, national_team) VALUES (621, 'Thomas Müller', 1989, 'FW', 'Bayern Munich', 'GER');
INSERT INTO public.players (id, name, birth_year, playing_position, local_club, national_team) VALUES (622, 'Thomas Partey', 1993, 'MF', 'Arsenal', 'GHA');
INSERT INTO public.players (id, name, birth_year, playing_position, local_club, national_team) VALUES (623, 'Thorgan Hazard', 1993, 'FW', 'Dortmund', 'BEL');
INSERT INTO public.players (id, name, birth_year, playing_position, local_club, national_team) VALUES (624, 'Tim Ream', 1987, 'DF', 'Fulham', 'USA');
INSERT INTO public.players (id, name, birth_year, playing_position, local_club, national_team) VALUES (625, 'Timothy Castagne', 1995, 'DF', 'Leicester City', 'BEL');
INSERT INTO public.players (id, name, birth_year, playing_position, local_club, national_team) VALUES (626, 'Timothy Weah', 2000, 'FW', 'Lille', 'USA');
INSERT INTO public.players (id, name, birth_year, playing_position, local_club, national_team) VALUES (627, 'Toby Alderweireld', 1989, 'DF', 'Antwerp', 'BEL');
INSERT INTO public.players (id, name, birth_year, playing_position, local_club, national_team) VALUES (628, 'Trent Alexander-Arnold', 1998, 'DF', 'Liverpool', 'ENG');
INSERT INTO public.players (id, name, birth_year, playing_position, local_club, national_team) VALUES (629, 'Tyler Adams', 1999, 'MF', 'Leeds United', 'USA');
INSERT INTO public.players (id, name, birth_year, playing_position, local_club, national_team) VALUES (630, 'Unai Simón', 1997, 'GK', 'Athletic Club', 'ESP');
INSERT INTO public.players (id, name, birth_year, playing_position, local_club, national_team) VALUES (631, 'Uriel Antuna', 1997, 'FW', 'Cruz Azul', 'MEX');
INSERT INTO public.players (id, name, birth_year, playing_position, local_club, national_team) VALUES (632, 'Vanja Milinković-Savić', 1997, 'GK', 'Torino', 'SRB');
INSERT INTO public.players (id, name, birth_year, playing_position, local_club, national_team) VALUES (633, 'Victor Nelsson', 1998, 'DF', 'Galatasaray', 'DEN');
INSERT INTO public.players (id, name, birth_year, playing_position, local_club, national_team) VALUES (634, 'Vincent Aboubakar', 1992, 'FW', 'Al-Nassr', 'CMR');
INSERT INTO public.players (id, name, birth_year, playing_position, local_club, national_team) VALUES (635, 'Vincent Janssen', 1994, 'FW', 'Antwerp', 'NLD');
INSERT INTO public.players (id, name, birth_year, playing_position, local_club, national_team) VALUES (636, 'Vinicius Júnior', 2000, 'FW', 'Real Madrid', 'BRA');
INSERT INTO public.players (id, name, birth_year, playing_position, local_club, national_team) VALUES (637, 'Virgil van Dijk', 1991, 'DF', 'Liverpool', 'NLD');
INSERT INTO public.players (id, name, birth_year, playing_position, local_club, national_team) VALUES (638, 'Vitinha', 2000, 'MF', 'Paris S-G', 'PRT');
INSERT INTO public.players (id, name, birth_year, playing_position, local_club, national_team) VALUES (639, 'Wahbi Khazri', 1991, 'FW', 'Montpellier', 'TUN');
INSERT INTO public.players (id, name, birth_year, playing_position, local_club, national_team) VALUES (640, 'Wajdi Kechrida', 1995, 'DF', 'Atromitos', 'TUN');
INSERT INTO public.players (id, name, birth_year, playing_position, local_club, national_team) VALUES (641, 'Walid Cheddira', 1998, 'FW', 'Bari', 'MAR');
INSERT INTO public.players (id, name, birth_year, playing_position, local_club, national_team) VALUES (642, 'Walker Zimmerman', 1993, 'DF', 'Nashville', 'USA');
INSERT INTO public.players (id, name, birth_year, playing_position, local_club, national_team) VALUES (643, 'Wataru Endo', 1993, 'MF', 'Stuttgart', 'JPN');
INSERT INTO public.players (id, name, birth_year, playing_position, local_club, national_team) VALUES (644, 'Wayne Hennessey', 1987, 'GK', 'Nott''ham Forest', 'WAL');
INSERT INTO public.players (id, name, birth_year, playing_position, local_club, national_team) VALUES (645, 'Weston McKennie', 1998, 'MF', 'Juventus', 'USA');
INSERT INTO public.players (id, name, birth_year, playing_position, local_club, national_team) VALUES (646, 'William Carvalho', 1992, 'MF', 'Betis', 'PRT');
INSERT INTO public.players (id, name, birth_year, playing_position, local_club, national_team) VALUES (647, 'William Saliba', 2001, 'DF', 'Arsenal', 'FRA');
INSERT INTO public.players (id, name, birth_year, playing_position, local_club, national_team) VALUES (648, 'Wojciech Szczęsny', 1990, 'GK', 'Juventus', 'POL');
INSERT INTO public.players (id, name, birth_year, playing_position, local_club, national_team) VALUES (649, 'Wout Weghorst', 1992, 'FW', 'Beşiktaş', 'NLD');
INSERT INTO public.players (id, name, birth_year, playing_position, local_club, national_team) VALUES (650, 'Wéverton', 1987, 'GK', 'Palmeiras', 'BRA');
INSERT INTO public.players (id, name, birth_year, playing_position, local_club, national_team) VALUES (651, 'Xavi Simons', 2003, 'FW', 'PSV Eindhoven', 'NLD');
INSERT INTO public.players (id, name, birth_year, playing_position, local_club, national_team) VALUES (652, 'Xherdan Shaqiri', 1991, 'FW', 'Chicago Fire', 'SUI');
INSERT INTO public.players (id, name, birth_year, playing_position, local_club, national_team) VALUES (653, 'Yahya Attiat Allah', 1995, 'DF', 'Wydad Casablanca', 'MAR');
INSERT INTO public.players (id, name, birth_year, playing_position, local_club, national_team) VALUES (654, 'Yahya Jabrane', 1991, 'MF', 'Wydad Casablanca', 'MAR');
INSERT INTO public.players (id, name, birth_year, playing_position, local_club, national_team) VALUES (655, 'Yann Sommer', 1988, 'GK', 'M''Gladbach', 'SUI');
INSERT INTO public.players (id, name, birth_year, playing_position, local_club, national_team) VALUES (656, 'Yannick Carrasco', 1993, 'FW', 'Atlético Madrid', 'BEL');
INSERT INTO public.players (id, name, birth_year, playing_position, local_club, national_team) VALUES (657, 'Yasser Al-Shahrani', 1992, 'DF', 'Al-Hilal', 'SAU');
INSERT INTO public.players (id, name, birth_year, playing_position, local_club, national_team) VALUES (658, 'Yassine Bounou', 1991, 'GK', 'Sevilla', 'MAR');
INSERT INTO public.players (id, name, birth_year, playing_position, local_club, national_team) VALUES (659, 'Yassine Meriah', 1993, 'DF', 'Espérance de Tunis', 'TUN');
INSERT INTO public.players (id, name, birth_year, playing_position, local_club, national_team) VALUES (660, 'Yeltsin Tejeda', 1992, 'MF', 'Club Sport Herediano', 'CRC');
INSERT INTO public.players (id, name, birth_year, playing_position, local_club, national_team) VALUES (661, 'Youri Tielemans', 1997, 'MF', 'Leicester City', 'BEL');
INSERT INTO public.players (id, name, birth_year, playing_position, local_club, national_team) VALUES (662, 'Youssef En-Nesyri', 1997, 'FW', 'Sevilla', 'MAR');
INSERT INTO public.players (id, name, birth_year, playing_position, local_club, national_team) VALUES (663, 'Youssef Msakni', 1990, 'MF', 'Al-Arabi SC', 'TUN');
INSERT INTO public.players (id, name, birth_year, playing_position, local_club, national_team) VALUES (664, 'Youssouf Fofana', 1999, 'MF', 'Monaco', 'FRA');
INSERT INTO public.players (id, name, birth_year, playing_position, local_club, national_team) VALUES (665, 'Youssouf Sabaly', 1993, 'DF', 'Betis', 'SEN');
INSERT INTO public.players (id, name, birth_year, playing_position, local_club, national_team) VALUES (666, 'Youssoufa Moukoko', 2004, 'FW', 'Dortmund', 'GER');
INSERT INTO public.players (id, name, birth_year, playing_position, local_club, national_team) VALUES (667, 'Youstin Salas', 1996, 'DF', 'Deportivo Saprissa', 'CRC');
INSERT INTO public.players (id, name, birth_year, playing_position, local_club, national_team) VALUES (668, 'Yuki Soma', 1997, 'FW', 'Grampus', 'JPN');
INSERT INTO public.players (id, name, birth_year, playing_position, local_club, national_team) VALUES (669, 'Yunus Musah', 2002, 'MF', 'Valencia', 'USA');
INSERT INTO public.players (id, name, birth_year, playing_position, local_club, national_team) VALUES (670, 'Yuto Nagatomo', 1986, 'MF', 'FC Tokyo', 'JPN');
INSERT INTO public.players (id, name, birth_year, playing_position, local_club, national_team) VALUES (671, 'Zakaria Aboukhlal', 2000, 'FW', 'Toulouse', 'MAR');
INSERT INTO public.players (id, name, birth_year, playing_position, local_club, national_team) VALUES (672, 'Álvaro Morata', 1992, 'FW', 'Atlético Madrid', 'ESP');
INSERT INTO public.players (id, name, birth_year, playing_position, local_club, national_team) VALUES (673, 'Álvaro Zamora', 2002, 'MF', 'Deportivo Saprissa', 'CRC');
INSERT INTO public.players (id, name, birth_year, playing_position, local_club, national_team) VALUES (674, 'Ángel Correa', 1995, 'MF', 'Atlético Madrid', 'ARG');
INSERT INTO public.players (id, name, birth_year, playing_position, local_club, national_team) VALUES (675, 'Ángel Di María', 1988, 'MF', 'Juventus', 'ARG');
INSERT INTO public.players (id, name, birth_year, playing_position, local_club, national_team) VALUES (676, 'Ángelo Preciado', 1998, 'DF', 'Genk', 'ECU');
INSERT INTO public.players (id, name, birth_year, playing_position, local_club, national_team) VALUES (677, 'Éder Militão', 1998, 'DF', 'Real Madrid', 'BRA');
INSERT INTO public.players (id, name, birth_year, playing_position, local_club, national_team) VALUES (678, 'Óscar Duarte', 1989, 'DF', 'Al-Wehda', 'CRC');
INSERT INTO public.players (id, name, birth_year, playing_position, local_club, national_team) VALUES (679, 'İlkay Gündoğan', 1990, 'MF', 'Manchester City', 'GER');

INSERT INTO public.scores (id, match_id, team_id, player_id, minute, score_type) VALUES (1, 0, 'ECU', 185, 16, 2);
INSERT INTO public.scores (id, match_id, team_id, player_id, minute, score_type) VALUES (2, 0, 'ECU', 185, 31, 1);
INSERT INTO public.scores (id, match_id, team_id, player_id, minute, score_type) VALUES (3, 1, 'ENG', 328, 35, 1);
INSERT INTO public.scores (id, match_id, team_id, player_id, minute, score_type) VALUES (4, 1, 'ENG', 109, 43, 1);
INSERT INTO public.scores (id, match_id, team_id, player_id, minute, score_type) VALUES (5, 1, 'ENG', 528, 45, 1);
INSERT INTO public.scores (id, match_id, team_id, player_id, minute, score_type) VALUES (6, 1, 'ENG', 109, 62, 1);
INSERT INTO public.scores (id, match_id, team_id, player_id, minute, score_type) VALUES (7, 1, 'ENG', 409, 71, 1);
INSERT INTO public.scores (id, match_id, team_id, player_id, minute, score_type) VALUES (8, 1, 'ENG', 275, 89, 1);
INSERT INTO public.scores (id, match_id, team_id, player_id, minute, score_type) VALUES (9, 1, 'IRN', 438, 65, 1);
INSERT INTO public.scores (id, match_id, team_id, player_id, minute, score_type) VALUES (10, 1, 'IRN', 438, 103, 2);
INSERT INTO public.scores (id, match_id, team_id, player_id, minute, score_type) VALUES (11, 2, 'NLD', 129, 84, 1);
INSERT INTO public.scores (id, match_id, team_id, player_id, minute, score_type) VALUES (12, 2, 'NLD', 156, 99, 1);
INSERT INTO public.scores (id, match_id, team_id, player_id, minute, score_type) VALUES (13, 3, 'USA', 626, 36, 1);
INSERT INTO public.scores (id, match_id, team_id, player_id, minute, score_type) VALUES (14, 3, 'WAL', 216, 82, 2);
INSERT INTO public.scores (id, match_id, team_id, player_id, minute, score_type) VALUES (15, 4, 'ARG', 388, 10, 2);
INSERT INTO public.scores (id, match_id, team_id, player_id, minute, score_type) VALUES (16, 4, 'SAU', 567, 48, 1);
INSERT INTO public.scores (id, match_id, team_id, player_id, minute, score_type) VALUES (17, 4, 'SAU', 568, 53, 1);
INSERT INTO public.scores (id, match_id, team_id, player_id, minute, score_type) VALUES (18, 7, 'FRA', 16, 27, 1);
INSERT INTO public.scores (id, match_id, team_id, player_id, minute, score_type) VALUES (19, 7, 'FRA', 502, 32, 1);
INSERT INTO public.scores (id, match_id, team_id, player_id, minute, score_type) VALUES (20, 7, 'FRA', 377, 68, 1);
INSERT INTO public.scores (id, match_id, team_id, player_id, minute, score_type) VALUES (21, 7, 'FRA', 502, 71, 1);
INSERT INTO public.scores (id, match_id, team_id, player_id, minute, score_type) VALUES (22, 7, 'AUS', 132, 9, 1);
INSERT INTO public.scores (id, match_id, team_id, player_id, minute, score_type) VALUES (23, 9, 'GER', 679, 33, 2);
INSERT INTO public.scores (id, match_id, team_id, player_id, minute, score_type) VALUES (24, 9, 'JPN', 543, 75, 1);
INSERT INTO public.scores (id, match_id, team_id, player_id, minute, score_type) VALUES (25, 9, 'JPN', 609, 83, 1);
INSERT INTO public.scores (id, match_id, team_id, player_id, minute, score_type) VALUES (26, 10, 'ESP', 144, 11, 1);
INSERT INTO public.scores (id, match_id, team_id, player_id, minute, score_type) VALUES (27, 10, 'ESP', 406, 21, 1);
INSERT INTO public.scores (id, match_id, team_id, player_id, minute, score_type) VALUES (28, 10, 'ESP', 203, 30, 2);
INSERT INTO public.scores (id, match_id, team_id, player_id, minute, score_type) VALUES (29, 10, 'ESP', 203, 54, 1);
INSERT INTO public.scores (id, match_id, team_id, player_id, minute, score_type) VALUES (30, 10, 'ESP', 217, 75, 1);
INSERT INTO public.scores (id, match_id, team_id, player_id, minute, score_type) VALUES (31, 10, 'ESP', 114, 90, 1);
INSERT INTO public.scores (id, match_id, team_id, player_id, minute, score_type) VALUES (32, 10, 'ESP', 672, 92, 1);
INSERT INTO public.scores (id, match_id, team_id, player_id, minute, score_type) VALUES (33, 11, 'BEL', 445, 44, 1);
INSERT INTO public.scores (id, match_id, team_id, player_id, minute, score_type) VALUES (34, 12, 'SUI', 100, 48, 1);
INSERT INTO public.scores (id, match_id, team_id, player_id, minute, score_type) VALUES (35, 14, 'PRT', 134, 65, 2);
INSERT INTO public.scores (id, match_id, team_id, player_id, minute, score_type) VALUES (36, 14, 'PRT', 322, 78, 1);
INSERT INTO public.scores (id, match_id, team_id, player_id, minute, score_type) VALUES (37, 14, 'PRT', 527, 80, 1);
INSERT INTO public.scores (id, match_id, team_id, player_id, minute, score_type) VALUES (38, 14, 'GHA', 55, 73, 1);
INSERT INTO public.scores (id, match_id, team_id, player_id, minute, score_type) VALUES (39, 14, 'GHA', 505, 89, 1);
INSERT INTO public.scores (id, match_id, team_id, player_id, minute, score_type) VALUES (40, 15, 'BRA', 540, 62, 1);
INSERT INTO public.scores (id, match_id, team_id, player_id, minute, score_type) VALUES (41, 15, 'BRA', 540, 73, 1);
INSERT INTO public.scores (id, match_id, team_id, player_id, minute, score_type) VALUES (42, 16, 'IRN', 557, 98, 1);
INSERT INTO public.scores (id, match_id, team_id, player_id, minute, score_type) VALUES (43, 16, 'IRN', 529, 101, 1);
INSERT INTO public.scores (id, match_id, team_id, player_id, minute, score_type) VALUES (44, 17, 'QAT', 459, 78, 1);
INSERT INTO public.scores (id, match_id, team_id, player_id, minute, score_type) VALUES (45, 17, 'SEN', 98, 41, 1);
INSERT INTO public.scores (id, match_id, team_id, player_id, minute, score_type) VALUES (46, 17, 'SEN', 200, 48, 1);
INSERT INTO public.scores (id, match_id, team_id, player_id, minute, score_type) VALUES (47, 17, 'SEN', 88, 84, 1);
INSERT INTO public.scores (id, match_id, team_id, player_id, minute, score_type) VALUES (48, 18, 'NLD', 129, 6, 1);
INSERT INTO public.scores (id, match_id, team_id, player_id, minute, score_type) VALUES (49, 18, 'ECU', 185, 49, 1);
INSERT INTO public.scores (id, match_id, team_id, player_id, minute, score_type) VALUES (50, 20, 'AUS', 453, 23, 1);
INSERT INTO public.scores (id, match_id, team_id, player_id, minute, score_type) VALUES (51, 21, 'POL', 525, 39, 1);
INSERT INTO public.scores (id, match_id, team_id, player_id, minute, score_type) VALUES (52, 21, 'POL', 546, 82, 1);
INSERT INTO public.scores (id, match_id, team_id, player_id, minute, score_type) VALUES (53, 22, 'FRA', 377, 61, 1);
INSERT INTO public.scores (id, match_id, team_id, player_id, minute, score_type) VALUES (54, 22, 'FRA', 377, 86, 1);
INSERT INTO public.scores (id, match_id, team_id, player_id, minute, score_type) VALUES (55, 22, 'DEN', 49, 68, 1);
INSERT INTO public.scores (id, match_id, team_id, player_id, minute, score_type) VALUES (56, 23, 'ARG', 388, 64, 1);
INSERT INTO public.scores (id, match_id, team_id, player_id, minute, score_type) VALUES (57, 23, 'ARG', 187, 87, 1);
INSERT INTO public.scores (id, match_id, team_id, player_id, minute, score_type) VALUES (58, 24, 'CRC', 357, 81, 1);
INSERT INTO public.scores (id, match_id, team_id, player_id, minute, score_type) VALUES (59, 25, 'MAR', 2, 73, 1);
INSERT INTO public.scores (id, match_id, team_id, player_id, minute, score_type) VALUES (60, 25, 'MAR', 671, 92, 1);
INSERT INTO public.scores (id, match_id, team_id, player_id, minute, score_type) VALUES (61, 26, 'CRO', 52, 36, 1);
INSERT INTO public.scores (id, match_id, team_id, player_id, minute, score_type) VALUES (62, 26, 'CRO', 415, 44, 1);
INSERT INTO public.scores (id, match_id, team_id, player_id, minute, score_type) VALUES (63, 26, 'CRO', 52, 70, 1);
INSERT INTO public.scores (id, match_id, team_id, player_id, minute, score_type) VALUES (64, 26, 'CRO', 390, 94, 1);
INSERT INTO public.scores (id, match_id, team_id, player_id, minute, score_type) VALUES (65, 26, 'CAN', 45, 2, 1);
INSERT INTO public.scores (id, match_id, team_id, player_id, minute, score_type) VALUES (66, 27, 'ESP', 672, 62, 1);
INSERT INTO public.scores (id, match_id, team_id, player_id, minute, score_type) VALUES (67, 27, 'GER', 483, 83, 1);
INSERT INTO public.scores (id, match_id, team_id, player_id, minute, score_type) VALUES (68, 28, 'CMR', 286, 29, 1);
INSERT INTO public.scores (id, match_id, team_id, player_id, minute, score_type) VALUES (69, 28, 'CMR', 634, 63, 1);
INSERT INTO public.scores (id, match_id, team_id, player_id, minute, score_type) VALUES (70, 28, 'CMR', 190, 66, 1);
INSERT INTO public.scores (id, match_id, team_id, player_id, minute, score_type) VALUES (71, 28, 'SRB', 603, 45, 1);
INSERT INTO public.scores (id, match_id, team_id, player_id, minute, score_type) VALUES (72, 28, 'SRB', 632, 45, 1);
INSERT INTO public.scores (id, match_id, team_id, player_id, minute, score_type) VALUES (73, 28, 'SRB', 25, 53, 1);
INSERT INTO public.scores (id, match_id, team_id, player_id, minute, score_type) VALUES (74, 29, 'KOR', 120, 58, 1);
INSERT INTO public.scores (id, match_id, team_id, player_id, minute, score_type) VALUES (75, 29, 'KOR', 120, 61, 1);
INSERT INTO public.scores (id, match_id, team_id, player_id, minute, score_type) VALUES (76, 29, 'GHA', 460, 24, 1);
INSERT INTO public.scores (id, match_id, team_id, player_id, minute, score_type) VALUES (77, 29, 'GHA', 372, 35, 1);
INSERT INTO public.scores (id, match_id, team_id, player_id, minute, score_type) VALUES (78, 29, 'GHA', 372, 68, 1);
INSERT INTO public.scores (id, match_id, team_id, player_id, minute, score_type) VALUES (79, 30, 'BRA', 115, 83, 1);
INSERT INTO public.scores (id, match_id, team_id, player_id, minute, score_type) VALUES (80, 31, 'PRT', 103, 54, 1);
INSERT INTO public.scores (id, match_id, team_id, player_id, minute, score_type) VALUES (81, 31, 'PRT', 103, 93, 2);
INSERT INTO public.scores (id, match_id, team_id, player_id, minute, score_type) VALUES (82, 32, 'NLD', 129, 26, 1);
INSERT INTO public.scores (id, match_id, team_id, player_id, minute, score_type) VALUES (83, 32, 'NLD', 212, 50, 1);
INSERT INTO public.scores (id, match_id, team_id, player_id, minute, score_type) VALUES (84, 33, 'ECU', 462, 68, 1);
INSERT INTO public.scores (id, match_id, team_id, player_id, minute, score_type) VALUES (85, 33, 'SEN', 269, 44, 2);
INSERT INTO public.scores (id, match_id, team_id, player_id, minute, score_type) VALUES (86, 33, 'SEN', 336, 70, 1);
INSERT INTO public.scores (id, match_id, team_id, player_id, minute, score_type) VALUES (87, 34, 'ENG', 409, 50, 1);
INSERT INTO public.scores (id, match_id, team_id, player_id, minute, score_type) VALUES (88, 34, 'ENG', 521, 51, 1);
INSERT INTO public.scores (id, match_id, team_id, player_id, minute, score_type) VALUES (89, 34, 'ENG', 409, 68, 1);
INSERT INTO public.scores (id, match_id, team_id, player_id, minute, score_type) VALUES (90, 35, 'USA', 127, 38, 1);
INSERT INTO public.scores (id, match_id, team_id, player_id, minute, score_type) VALUES (91, 36, 'AUS', 425, 60, 1);
INSERT INTO public.scores (id, match_id, team_id, player_id, minute, score_type) VALUES (92, 37, 'TUN', 639, 58, 1);
INSERT INTO public.scores (id, match_id, team_id, player_id, minute, score_type) VALUES (93, 38, 'ARG', 30, 46, 1);
INSERT INTO public.scores (id, match_id, team_id, player_id, minute, score_type) VALUES (94, 38, 'ARG', 330, 68, 1);
INSERT INTO public.scores (id, match_id, team_id, player_id, minute, score_type) VALUES (95, 39, 'SAU', 568, 96, 1);
INSERT INTO public.scores (id, match_id, team_id, player_id, minute, score_type) VALUES (96, 39, 'MEX', 247, 48, 1);
INSERT INTO public.scores (id, match_id, team_id, player_id, minute, score_type) VALUES (97, 39, 'MEX', 395, 53, 1);
INSERT INTO public.scores (id, match_id, team_id, player_id, minute, score_type) VALUES (98, 41, 'CAN', 476, 40, 3);
INSERT INTO public.scores (id, match_id, team_id, player_id, minute, score_type) VALUES (99, 41, 'MAR', 237, 4, 1);
INSERT INTO public.scores (id, match_id, team_id, player_id, minute, score_type) VALUES (100, 41, 'MAR', 662, 23, 1);
INSERT INTO public.scores (id, match_id, team_id, player_id, minute, score_type) VALUES (101, 42, 'JPN', 543, 48, 1);
INSERT INTO public.scores (id, match_id, team_id, player_id, minute, score_type) VALUES (102, 42, 'JPN', 69, 52, 1);
INSERT INTO public.scores (id, match_id, team_id, player_id, minute, score_type) VALUES (103, 42, 'ESP', 672, 12, 1);
INSERT INTO public.scores (id, match_id, team_id, player_id, minute, score_type) VALUES (104, 43, 'CRC', 660, 58, 1);
INSERT INTO public.scores (id, match_id, team_id, player_id, minute, score_type) VALUES (105, 43, 'CRC', 327, 70, 1);
INSERT INTO public.scores (id, match_id, team_id, player_id, minute, score_type) VALUES (106, 43, 'GER', 581, 10, 1);
INSERT INTO public.scores (id, match_id, team_id, player_id, minute, score_type) VALUES (107, 43, 'GER', 335, 73, 1);
INSERT INTO public.scores (id, match_id, team_id, player_id, minute, score_type) VALUES (108, 43, 'GER', 335, 85, 1);
INSERT INTO public.scores (id, match_id, team_id, player_id, minute, score_type) VALUES (109, 43, 'GER', 483, 89, 1);
INSERT INTO public.scores (id, match_id, team_id, player_id, minute, score_type) VALUES (110, 44, 'URU', 225, 26, 1);
INSERT INTO public.scores (id, match_id, team_id, player_id, minute, score_type) VALUES (111, 44, 'URU', 225, 32, 1);
INSERT INTO public.scores (id, match_id, team_id, player_id, minute, score_type) VALUES (112, 45, 'KOR', 364, 27, 1);
INSERT INTO public.scores (id, match_id, team_id, player_id, minute, score_type) VALUES (113, 45, 'KOR', 258, 91, 1);
INSERT INTO public.scores (id, match_id, team_id, player_id, minute, score_type) VALUES (114, 45, 'PRT', 538, 5, 1);
INSERT INTO public.scores (id, match_id, team_id, player_id, minute, score_type) VALUES (115, 46, 'SRB', 25, 27, 1);
INSERT INTO public.scores (id, match_id, team_id, player_id, minute, score_type) VALUES (116, 46, 'SRB', 173, 35, 1);
INSERT INTO public.scores (id, match_id, team_id, player_id, minute, score_type) VALUES (117, 46, 'SUI', 652, 20, 1);
INSERT INTO public.scores (id, match_id, team_id, player_id, minute, score_type) VALUES (118, 46, 'SUI', 44, 100, 1);
INSERT INTO public.scores (id, match_id, team_id, player_id, minute, score_type) VALUES (119, 46, 'SUI', 536, 48, 1);
INSERT INTO public.scores (id, match_id, team_id, player_id, minute, score_type) VALUES (120, 47, 'CMR', 634, 92, 1);
INSERT INTO public.scores (id, match_id, team_id, player_id, minute, score_type) VALUES (121, 48, 'NLD', 440, 10, 1);
INSERT INTO public.scores (id, match_id, team_id, player_id, minute, score_type) VALUES (122, 48, 'NLD', 140, 45, 1);
INSERT INTO public.scores (id, match_id, team_id, player_id, minute, score_type) VALUES (123, 48, 'NLD', 163, 81, 1);
INSERT INTO public.scores (id, match_id, team_id, player_id, minute, score_type) VALUES (124, 48, 'USA', 236, 76, 1);
INSERT INTO public.scores (id, match_id, team_id, player_id, minute, score_type) VALUES (125, 49, 'ARG', 388, 35, 1);
INSERT INTO public.scores (id, match_id, team_id, player_id, minute, score_type) VALUES (126, 49, 'ARG', 330, 57, 1);
INSERT INTO public.scores (id, match_id, team_id, player_id, minute, score_type) VALUES (127, 49, 'AUS', 187, 77, 3);
INSERT INTO public.scores (id, match_id, team_id, player_id, minute, score_type) VALUES (128, 50, 'FRA', 502, 44, 1);
INSERT INTO public.scores (id, match_id, team_id, player_id, minute, score_type) VALUES (129, 50, 'FRA', 377, 74, 1);
INSERT INTO public.scores (id, match_id, team_id, player_id, minute, score_type) VALUES (130, 50, 'FRA', 377, 90, 1);
INSERT INTO public.scores (id, match_id, team_id, player_id, minute, score_type) VALUES (131, 50, 'POL', 546, 99, 2);
INSERT INTO public.scores (id, match_id, team_id, player_id, minute, score_type) VALUES (132, 51, 'ENG', 308, 39, 1);
INSERT INTO public.scores (id, match_id, team_id, player_id, minute, score_type) VALUES (133, 51, 'ENG', 240, 45, 1);
INSERT INTO public.scores (id, match_id, team_id, player_id, minute, score_type) VALUES (134, 51, 'ENG', 109, 57, 1);
INSERT INTO public.scores (id, match_id, team_id, player_id, minute, score_type) VALUES (135, 52, 'JPN', 139, 43, 1);
INSERT INTO public.scores (id, match_id, team_id, player_id, minute, score_type) VALUES (136, 52, 'CRO', 273, 55, 1);
INSERT INTO public.scores (id, match_id, team_id, player_id, minute, score_type) VALUES (137, 52, 'JPN', 609, NULL, 4);
INSERT INTO public.scores (id, match_id, team_id, player_id, minute, score_type) VALUES (138, 52, 'CRO', 495, NULL, 4);
INSERT INTO public.scores (id, match_id, team_id, player_id, minute, score_type) VALUES (139, 52, 'CRO', 405, NULL, 4);
INSERT INTO public.scores (id, match_id, team_id, player_id, minute, score_type) VALUES (140, 52, 'CRO', 412, NULL, 4);
INSERT INTO public.scores (id, match_id, team_id, player_id, minute, score_type) VALUES (141, 53, 'BRA', 636, 7, 1);
INSERT INTO public.scores (id, match_id, team_id, player_id, minute, score_type) VALUES (142, 53, 'BRA', 482, 13, 2);
INSERT INTO public.scores (id, match_id, team_id, player_id, minute, score_type) VALUES (143, 53, 'BRA', 540, 29, 1);
INSERT INTO public.scores (id, match_id, team_id, player_id, minute, score_type) VALUES (144, 53, 'BRA', 394, 36, 1);
INSERT INTO public.scores (id, match_id, team_id, player_id, minute, score_type) VALUES (145, 53, 'KOR', 509, 76, 1);
INSERT INTO public.scores (id, match_id, team_id, player_id, minute, score_type) VALUES (146, 54, 'MAR', 2, NULL, 4);
INSERT INTO public.scores (id, match_id, team_id, player_id, minute, score_type) VALUES (147, 54, 'MAR', 237, NULL, 4);
INSERT INTO public.scores (id, match_id, team_id, player_id, minute, score_type) VALUES (148, 54, 'MAR', 15, NULL, 4);
INSERT INTO public.scores (id, match_id, team_id, player_id, minute, score_type) VALUES (149, 55, 'PRT', 229, 17, 1);
INSERT INTO public.scores (id, match_id, team_id, player_id, minute, score_type) VALUES (150, 55, 'PRT', 519, 33, 1);
INSERT INTO public.scores (id, match_id, team_id, player_id, minute, score_type) VALUES (151, 55, 'PRT', 229, 51, 1);
INSERT INTO public.scores (id, match_id, team_id, player_id, minute, score_type) VALUES (152, 55, 'PRT', 531, 55, 1);
INSERT INTO public.scores (id, match_id, team_id, player_id, minute, score_type) VALUES (153, 55, 'PRT', 229, 67, 1);
INSERT INTO public.scores (id, match_id, team_id, player_id, minute, score_type) VALUES (154, 55, 'PRT', 527, 92, 1);
INSERT INTO public.scores (id, match_id, team_id, player_id, minute, score_type) VALUES (155, 55, 'SUI', 403, 58, 1);
INSERT INTO public.scores (id, match_id, team_id, player_id, minute, score_type) VALUES (156, 56, 'BRA', 482, 105, 1);
INSERT INTO public.scores (id, match_id, team_id, player_id, minute, score_type) VALUES (157, 56, 'CRO', 105, 116, 1);
INSERT INTO public.scores (id, match_id, team_id, player_id, minute, score_type) VALUES (158, 56, 'CRO', 495, NULL, 4);
INSERT INTO public.scores (id, match_id, team_id, player_id, minute, score_type) VALUES (159, 56, 'CRO', 390, NULL, 4);
INSERT INTO public.scores (id, match_id, team_id, player_id, minute, score_type) VALUES (160, 56, 'CRO', 398, NULL, 4);
INSERT INTO public.scores (id, match_id, team_id, player_id, minute, score_type) VALUES (161, 56, 'CRO', 452, NULL, 4);
INSERT INTO public.scores (id, match_id, team_id, player_id, minute, score_type) VALUES (162, 56, 'BRA', 115, NULL, 4);
INSERT INTO public.scores (id, match_id, team_id, player_id, minute, score_type) VALUES (163, 56, 'BRA', 518, NULL, 4);
INSERT INTO public.scores (id, match_id, team_id, player_id, minute, score_type) VALUES (164, 57, 'NLD', 649, 83, 1);
INSERT INTO public.scores (id, match_id, team_id, player_id, minute, score_type) VALUES (165, 57, 'NLD', 649, 90, 1);
INSERT INTO public.scores (id, match_id, team_id, player_id, minute, score_type) VALUES (166, 57, 'ARG', 470, 35, 1);
INSERT INTO public.scores (id, match_id, team_id, player_id, minute, score_type) VALUES (167, 57, 'ARG', 388, 73, 2);
INSERT INTO public.scores (id, match_id, team_id, player_id, minute, score_type) VALUES (168, 57, 'NLD', 401, NULL, 4);
INSERT INTO public.scores (id, match_id, team_id, player_id, minute, score_type) VALUES (169, 57, 'NLD', 649, NULL, 4);
INSERT INTO public.scores (id, match_id, team_id, player_id, minute, score_type) VALUES (170, 57, 'NLD', 613, NULL, 4);
INSERT INTO public.scores (id, match_id, team_id, player_id, minute, score_type) VALUES (171, 57, 'ARG', 227, NULL, 4);
INSERT INTO public.scores (id, match_id, team_id, player_id, minute, score_type) VALUES (172, 57, 'ARG', 381, NULL, 4);
INSERT INTO public.scores (id, match_id, team_id, player_id, minute, score_type) VALUES (173, 57, 'ARG', 388, NULL, 4);
INSERT INTO public.scores (id, match_id, team_id, player_id, minute, score_type) VALUES (174, 57, 'ARG', 378, NULL, 4);
INSERT INTO public.scores (id, match_id, team_id, player_id, minute, score_type) VALUES (175, 58, 'MAR', 662, 42, 1);
INSERT INTO public.scores (id, match_id, team_id, player_id, minute, score_type) VALUES (176, 59, 'ENG', 240, 54, 2);
INSERT INTO public.scores (id, match_id, team_id, player_id, minute, score_type) VALUES (177, 59, 'FRA', 76, 17, 1);
INSERT INTO public.scores (id, match_id, team_id, player_id, minute, score_type) VALUES (178, 59, 'FRA', 502, 78, 1);
INSERT INTO public.scores (id, match_id, team_id, player_id, minute, score_type) VALUES (179, 60, 'ARG', 388, 34, 2);
INSERT INTO public.scores (id, match_id, team_id, player_id, minute, score_type) VALUES (180, 60, 'ARG', 330, 39, 1);
INSERT INTO public.scores (id, match_id, team_id, player_id, minute, score_type) VALUES (181, 60, 'ARG', 330, 69, 1);
INSERT INTO public.scores (id, match_id, team_id, player_id, minute, score_type) VALUES (182, 61, 'FRA', 614, 5, 1);
INSERT INTO public.scores (id, match_id, team_id, player_id, minute, score_type) VALUES (183, 61, 'FRA', 530, 79, 1);
INSERT INTO public.scores (id, match_id, team_id, player_id, minute, score_type) VALUES (184, 62, 'CRO', 325, 7, 1);
INSERT INTO public.scores (id, match_id, team_id, player_id, minute, score_type) VALUES (185, 62, 'CRO', 452, 42, 1);
INSERT INTO public.scores (id, match_id, team_id, player_id, minute, score_type) VALUES (186, 62, 'MAR', 14, 9, 1);
INSERT INTO public.scores (id, match_id, team_id, player_id, minute, score_type) VALUES (187, 63, 'FRA', 377, 80, 2);
INSERT INTO public.scores (id, match_id, team_id, player_id, minute, score_type) VALUES (188, 63, 'FRA', 377, 81, 1);
INSERT INTO public.scores (id, match_id, team_id, player_id, minute, score_type) VALUES (189, 63, 'FRA', 377, 118, 2);
INSERT INTO public.scores (id, match_id, team_id, player_id, minute, score_type) VALUES (190, 63, 'ARG', 388, 23, 2);
INSERT INTO public.scores (id, match_id, team_id, player_id, minute, score_type) VALUES (191, 63, 'ARG', 675, 36, 1);
INSERT INTO public.scores (id, match_id, team_id, player_id, minute, score_type) VALUES (192, 63, 'ARG', 388, 109, 1);
INSERT INTO public.scores (id, match_id, team_id, player_id, minute, score_type) VALUES (193, 63, 'FRA', 377, NULL, 4);
INSERT INTO public.scores (id, match_id, team_id, player_id, minute, score_type) VALUES (194, 63, 'FRA', 530, NULL, 4);
INSERT INTO public.scores (id, match_id, team_id, player_id, minute, score_type) VALUES (195, 63, 'ARG', 388, NULL, 4);
INSERT INTO public.scores (id, match_id, team_id, player_id, minute, score_type) VALUES (196, 63, 'ARG', 516, NULL, 4);
INSERT INTO public.scores (id, match_id, team_id, player_id, minute, score_type) VALUES (197, 63, 'ARG', 381, NULL, 4);
INSERT INTO public.scores (id, match_id, team_id, player_id, minute, score_type) VALUES (198, 63, 'ARG', 227, NULL, 4);

INSERT INTO public.stages (id, name) VALUES (1, '''Group''');
INSERT INTO public.stages (id, name) VALUES (2, '''Round of 16''');
INSERT INTO public.stages (id, name) VALUES (3, '''Quarter-final''');
INSERT INTO public.stages (id, name) VALUES (4, '''Semi-final''');
INSERT INTO public.stages (id, name) VALUES (5, '''Play-off for third place''');
INSERT INTO public.stages (id, name) VALUES (6, '''Final''');

ALTER TABLE ONLY continents
    ADD CONSTRAINT continents_pkey PRIMARY KEY (id);

ALTER TABLE ONLY matches
    ADD CONSTRAINT matches_pkey PRIMARY KEY (id);

ALTER TABLE ONLY nationalteams
    ADD CONSTRAINT nationalteams_pkey PRIMARY KEY (short_name);

ALTER TABLE ONLY players
    ADD CONSTRAINT players_pkey PRIMARY KEY (id);

ALTER TABLE ONLY scores
    ADD CONSTRAINT scores_pkey PRIMARY KEY (id);

ALTER TABLE ONLY stages
    ADD CONSTRAINT stages_pkey PRIMARY KEY (id);

ALTER TABLE ONLY matches
    ADD CONSTRAINT matches_away_fkey FOREIGN KEY (away) REFERENCES public.nationalteams(short_name);

ALTER TABLE ONLY matches
    ADD CONSTRAINT matches_home_fkey FOREIGN KEY (home) REFERENCES public.nationalteams(short_name);

ALTER TABLE ONLY nationalteams
    ADD CONSTRAINT nationalteams_continent_fkey FOREIGN KEY (continent) REFERENCES public.continents(id);

ALTER TABLE ONLY players
    ADD CONSTRAINT players_national_team_fkey FOREIGN KEY (national_team) REFERENCES public.nationalteams(short_name);

ALTER TABLE ONLY scores
    ADD CONSTRAINT scores_match_id_fkey FOREIGN KEY (match_id) REFERENCES public.matches(id);

ALTER TABLE ONLY scores
    ADD CONSTRAINT scores_player_id_fkey FOREIGN KEY (player_id) REFERENCES public.players(id);

ALTER TABLE ONLY scores
    ADD CONSTRAINT scores_team_id_fkey FOREIGN KEY (team_id) REFERENCES public.nationalteams(short_name);

