CREATE TABLE Continent (
  id int,
  name varchar(200) NOT NULL,
  PRIMARY KEY (id)
);

INSERT INTO Continent (id, name) VALUES
(1, 'Africa'),
(2, 'Asia'),
(3, 'Europe'),
(4, 'North and Central America'),
(5, 'South America');

CREATE TABLE NationalTeam (
  id int,
  name varchar(200) DEFAULT NULL,
  group_stage char(1) DEFAULT NULL,
  short_name varchar(3) DEFAULT NULL,
  continent int DEFAULT NULL,
  PRIMARY KEY (id)
);

INSERT INTO NationalTeam (id, name, group_stage, short_name,continent) VALUES
(1, 'South Africa', 'A', 'RSA', 0),
(2, 'Mexico', 'A', 'MEX', 4),
(3, 'Uruguay', 'A', 'URU', 5),
(4, 'France', 'A', 'FRA', 3),
(5, 'Argentina', 'B', 'ARG', 5),
(6, 'Nigeria', 'B', 'NGA', 1),
(7, 'Korea Republic', 'B', 'KOR', 2),
(8, 'Greece', 'B', 'GRE', 3),
(9, 'England', 'C', 'ENG', 3),
(10, 'USA', 'C', 'USA', 4),
(11, 'Algeria', 'C', 'ALG', 1),
(12, 'Slovenia', 'C', 'SVN', 0),
(13, 'Germany', 'D', 'GER', 3),
(14, 'Australia', 'D', 'AUS', 2),
(15, 'Serbia', 'D', 'SRB', 0),
(16, 'Ghana', 'D', 'GHA', 1),
(17, 'Netherlands', 'E', 'NED', 3),
(18, 'Denmark', 'E', 'DEN', 0),
(19, 'Japan', 'E', 'JPN', 2),
(20, 'Cameroon', 'E', 'CMR', 1),
(21, 'Italy', 'F', 'ITA', 3),
(22, 'Paraguay', 'F', 'PAR', 0),
(23, 'New Zealand', 'F', 'NZL', 0),
(24, 'Slovakia', 'F', 'SVK', 0),
(25, 'Brazil', 'G', 'BRA', 5),
(26, 'Korea DPR', 'G', 'PRK', 0),
(27, 'Côte dIvoire', 'G', 'CIV', 1),
(28, 'Portugal', 'G', 'POR', 3),
(29, 'Spain', 'H', 'ESP', 3),
(30, 'Switzerland', 'H', 'SUI', 3),
(31, 'Honduras', 'H', 'HON', 4),
(32, 'Chile', 'H', 'CHI', 5);

CREATE TABLE Match (
  id int,
  home int DEFAULT NULL,
  away int DEFAULT NULL,
  match_datetime_gmt varchar(100) DEFAULT NULL,
  stage int DEFAULT NULL,
  PRIMARY KEY (id)
);

INSERT INTO Match (id, home, away, match_datetime_gmt, stage) VALUES
(1, 1, 2, '2010-06-11 14:00:00', 1),
(2, 3, 4, '2010-06-11 18:30:00', 1),
(3, 5, 6, '2010-06-12 14:00:00', 1),
(4, 7, 8, '2010-06-12 11:30:00', 1),
(5, 9, 10, '2010-06-12 18:30:00', 1),
(6, 11, 12, '2010-06-13 11:30:00', 1),
(7, 15, 16, '2010-06-13 14:00:00', 1),
(8, 13, 14, '2010-06-13 18:30:00', 1),
(9, 17, 18, '2010-06-14 11:30:00', 1),
(10, 19, 20, '2010-06-14 14:00:00', 1),
(11, 21, 22, '2010-06-14 18:30:00', 1),
(12, 23, 24, '2010-06-15 11:30:00', 1),
(13, 27, 28, '2010-06-15 14:00:00', 1),
(14, 25, 26, '2010-06-15 18:30:00', 1),
(15, 31, 32, '2010-06-16 11:30:00', 1),
(16, 29, 30, '2010-06-16 14:00:00', 1),
(17, 1, 3, '2010-06-16 18:30:00', 1),
(18, 5, 7, '2010-06-17 11:30:00', 1),
(19, 8, 6, '2010-06-17 14:00:00', 1),
(20, 4, 2, '2010-06-17 18:30:00', 1),
(21, 13, 15, '2010-06-18 11:30:00', 1),
(22, 12, 10, '2010-06-18 14:00:00', 1),
(23, 9, 11, '2010-06-18 18:30:00', 1),
(24, 17, 19, '2010-06-19 11:30:00', 1),
(25, 16, 14, '2010-06-19 14:00:00', 1),
(26, 20, 18, '2010-06-19 18:30:00', 1),
(27, 24, 22, '2010-06-20 11:30:00', 1),
(28, 21, 23, '2010-06-20 14:00:00', 1),
(29, 25, 27, '2010-06-20 18:30:00', 1),
(30, 28, 26, '2010-06-21 11:30:00', 1),
(31, 32, 30, '2010-06-21 14:00:00', 1),
(32, 29, 31, '2010-06-21 18:30:00', 1),
(33, 2, 3, '2010-06-22 14:00:00', 1),
(34, 4, 1, '2010-06-22 14:00:00', 1),
(35, 6, 7, '2010-06-22 18:30:00', 1),
(36, 8, 5, '2010-06-22 18:30:00', 1),
(37, 12, 9, '2010-06-23 14:00:00', 1),
(38, 10, 11, '2010-06-23 14:00:00', 1),
(39, 16, 13, '2010-06-23 18:30:00', 1),
(40, 14, 15, '2010-06-23 18:30:00', 1),
(41, 24, 21, '2010-06-24 14:00:00', 1),
(42, 22, 23, '2010-06-24 14:00:00', 1),
(43, 18, 19, '2010-06-24 18:30:00', 1),
(44, 20, 17, '2010-06-24 18:30:00', 1),
(45, 26, 27, '2010-06-25 14:00:00', 1),
(46, 28, 25, '2010-06-25 14:00:00', 1),
(47, 30, 31, '2010-06-25 18:30:00', 1),
(48, 32, 29, '2010-06-25 18:30:00', 1),
(49, 3, 7, '2010-06-26 14:00:00', 2),
(50, 10, 16, '2010-06-26 18:30:00', 2),
(51, 13, 9, '2010-06-27 14:00:00', 2),
(52, 5, 2, '2010-06-27 18:30:00', 2),
(53, 17, 24, '2010-06-28 14:00:00', 2),
(54, 25, 32, '2010-06-28 18:30:00', 2),
(55, 22, 19, '2010-06-29 14:00:00', 2),
(56, 29, 28, '2010-06-29 18:30:00', 2),
(57, 17, 25, '2010-07-02 14:00:00', 3),
(58, 3, 16, '2010-07-02 18:30:00', 3),
(59, 5, 13, '2010-07-03 14:00:00', 3),
(60, 22, 29, '2010-07-03 18:30:00', 3),
(61, 3, 17, '2010-07-06 18:30:00', 4),
(62, 13, 29, '2010-07-07 18:30:00', 4),
(63, 3, 13, '2010-07-10 18:30:00', 5),
(64, 17, 29, '2010-07-11 18:30:00', 6);

CREATE TABLE Player (
  id int,
  name varchar(100) DEFAULT NULL,
  birth_date varchar(100) DEFAULT NULL,
  height float DEFAULT NULL,
  playing_position varchar(10) DEFAULT NULL,
  local_club varchar(100) DEFAULT NULL,
  national_team int DEFAULT NULL,
  national_team_tshirt int DEFAULT NULL,
  PRIMARY KEY (id)
);

INSERT INTO Player (id, name, birth_date, height, playing_position, local_club, national_team, national_team_tshirt) VALUES
(1, 'Moneeb Josephs', '1980-05-19', 184, 'GK', 'Orlando Pirates [RSA]', 1, 1),
(2, 'Siboniso Gaxa', '1984-04-06', 178, 'DF', 'Mamelodi Sundowns [RSA]', 1, 2),
(3, 'Tsepo Masilela', '1985-05-05', 174, 'DF', 'Maccabi Haifa [ISR]', 1, 3),
(4, 'Aaron Mokoena', '1980-11-25', 183, 'DF', 'Portsmouth [ENG]', 1, 4),
(5, 'Anele Ngcongca', '1987-10-20', 177, 'DF', 'Racing Genk [BEL]', 1, 5),
(6, 'Macbeth Sibaya', '1977-11-25', 176, 'MF', 'Rubin Kazan [RUS]', 1, 6),
(7, 'Lance Davids', '1985-04-11', 171, 'MF', 'Ajax Cape Town [RSA]', 1, 7),
(8, 'Siphiwe Tshabalala', '1984-09-25', 170, 'MF', 'Kaizer Chiefs [RSA]', 1, 8),
(9, 'Katlego Mphela', '1984-11-29', 180, 'FW', 'Mamelodi Sundowns [RSA]', 1, 9),
(10, 'Steven Pienaar', '1982-03-17', 173, 'MF', 'Everton [ENG]', 1, 10),
(11, 'Teko Modise', '1982-12-22', 172, 'MF', 'Orlando Pirates [RSA]', 1, 11),
(12, 'Reneilwe Letsholonyane', '1982-06-09', 173, 'MF', 'Kaizer Chiefs [RSA]', 1, 12),
(13, 'Kagisho Dikgacoi', '1984-11-24', 180, 'MF', 'Fulham [ENG]', 1, 13),
(14, 'Matthew Booth', '1977-03-14', 198, 'DF', 'Mamelodi Sundowns [RSA]', 1, 14),
(15, 'Lucas Thwala', '1981-10-19', 170, 'DF', 'Orlando Pirates [RSA]', 1, 15),
(16, 'Itumeleng Khune', '1987-06-20', 180, 'GK', 'Kaizer Chiefs [RSA]', 1, 16),
(17, 'Bernard Parker', '1986-03-16', 172, 'FW', 'Twente Enschede [NED]', 1, 17),
(18, 'Siyabonga Nomvethe', '1977-12-02', 173, 'FW', 'Moroka Swallows [RSA]', 1, 18),
(19, 'Surprise Moriri', '1980-03-20', 173, 'MF', 'Mamelodi Sundowns [RSA]', 1, 19),
(20, 'Bongani Khumalo', '1987-01-06', 184, 'DF', 'SuperSport Utd. [RSA]', 1, 20),
(21, 'Siyabonga Sangweni', '1981-09-29', 182, 'DF', 'Golden Arrows [RSA]', 1, 21),
(22, 'Shu-aib Walters', '1981-12-26', 188, 'GK', 'Maritzburg Utd. [RSA]', 1, 22),
(23, 'Thanduyise Khuboni', '1986-05-23', 181, 'MF', 'Golden Arrows [RSA]', 1, 23),
(24, 'Oscar Perez', '1973-02-01', 174, 'GK', 'Jaguares [MEX]', 2, 1),
(25, 'Francisco Rodriguez', '1981-10-20', 191, 'DF', 'PSV Eindhoven [NED]', 2, 2),
(26, 'Carlos Salcido', '1980-04-02', 176, 'DF', 'PSV Eindhoven [NED]', 2, 3),
(27, 'Rafael Marquez', '1979-02-13', 182, 'DF', 'Barcelona [ESP]', 2, 4),
(28, 'Ricardo Osorio', '1980-03-30', 173, 'DF', 'VfB Stuttgart [GER]', 2, 5),
(29, 'Gerardo Torrado', '1979-04-30', 174, 'MF', 'Cruz Azul [MEX]', 2, 6),
(30, 'Pablo Barrera', '1987-06-21', 172, 'FW', 'Pumas UNAM [MEX]', 2, 7),
(31, 'Israel Castro', '1980-12-20', 175, 'MF', 'Pumas UNAM [MEX]', 2, 8),
(32, 'Guillermo Franco', '1976-11-03', 182, 'FW', 'West Ham Utd. [ENG]', 2, 9),
(33, 'Cuauhtemoc Blanco', '1973-01-17', 177, 'FW', 'Veracruz [MEX]', 2, 10),
(34, 'Carlos Vela', '1989-03-01', 179, 'FW', 'Arsenal [ENG]', 2, 11),
(35, 'Paul Aguilar', '1986-03-06', 178, 'DF', 'Pachuca [MEX]', 2, 12),
(36, 'Guillermo Ochoa', '1985-07-13', 183, 'GK', 'America [MEX]', 2, 13),
(37, 'Javier Hernandez', '1988-06-01', 175, 'FW', 'Chivas [MEX]', 2, 14),
(38, 'Hector Moreno', '1988-01-17', 184, 'DF', 'AZ Alkmaar [NED]', 2, 15),
(39, 'Efrain Juarez', '1988-02-22', 175, 'DF', 'Pumas UNAM [MEX]', 2, 16),
(40, 'Giovani Dos Santos', '1989-05-11', 175, 'FW', 'Galatasaray [TUR]', 2, 17),
(41, 'Andres Guardado', '1986-09-28', 169, 'MF', 'Deportivo La Coruna [ESP]', 2, 18),
(42, 'Jonny Magallon', '1981-11-21', 178, 'DF', 'Chivas [MEX]', 2, 19),
(43, 'Jorge Torres', '1988-01-16', 182, 'MF', 'Atlas [MEX]', 2, 20),
(44, 'Adolfo Bautista', '1979-05-15', 185, 'FW', 'Chivas [MEX]', 2, 21),
(45, 'Alberto Medina', '1983-05-29', 172, 'FW', 'Chivas [MEX]', 2, 22),
(46, 'Luis Michel', '1979-07-21', 183, 'GK', 'Chivas [MEX]', 2, 23),
(47, 'Fernando Muslera', '1986-06-16', 190, 'GK', 'Lazio [ITA]', 3, 1),
(48, 'Diego Lugano', '1980-11-02', 188, 'DF', 'Fenerbahce [TUR]', 3, 2),
(49, 'Diego Godin', '1986-02-16', 185, 'DF', 'Villarreal [ESP]', 3, 3),
(50, 'Jorge Fucile', '1984-11-19', 177, 'DF', 'Porto [POR]', 3, 4),
(51, 'Walter Gargano', '1984-07-23', 168, 'MF', 'Napoli [ITA]', 3, 5),
(52, 'Mauricio Victorino', '1982-10-11', 182, 'DF', 'Univ. de Chile [CHI]', 3, 6),
(53, 'Edinson Cavani', '1987-02-14', 188, 'FW', 'Palermo [ITA]', 3, 7),
(54, 'Sebastian Eguren', '1981-01-08', 186, 'MF', 'AIK Stockholm [SWE]', 3, 8),
(55, 'Luis Suarez', '1987-01-24', 181, 'FW', 'Ajax [NED]', 3, 9),
(56, 'Diego Forlan', '1979-05-19', 181, 'FW', 'Atletico Madrid [ESP]', 3, 10),
(57, 'Alvaro Pereira', '1985-11-28', 182, 'MF', 'Porto [POR]', 3, 11),
(58, 'Juan Castillo', '1978-04-17', 181, 'GK', 'Deportivo Cali [COL]', 3, 12),
(59, 'Sebastian Abreu', '1976-10-17', 193, 'FW', 'Botafogo [BRA]', 3, 13),
(60, 'Nicolas Lodeiro', '1989-03-21', 173, 'MF', 'Ajax [NED]', 3, 14),
(61, 'Diego Perez', '1980-05-18', 176, 'MF', 'Monaco [FRA]', 3, 15),
(62, 'Maximiliano Pereira', '1984-06-08', 173, 'DF', 'Benfica [POR]', 3, 16),
(63, 'Egidio Arevalo', '1982-01-01', 168, 'MF', 'Penarol [URU]', 3, 17),
(64, 'Ignacio Gonzalez', '1982-05-14', 180, 'MF', 'Valencia [ESP]', 3, 18),
(65, 'Andres Scotti', '1975-12-14', 183, 'DF', 'Colo Colo [CHI]', 3, 19),
(66, 'Alvaro Fernandez', '1985-10-11', 185, 'MF', 'Univ. de Chile [CHI]', 3, 20),
(67, 'Sebastian Fernandez', '1985-05-23', 167, 'FW', 'Banfield [ARG]', 3, 21),
(68, 'Martin Caceres', '1987-04-07', 178, 'DF', 'Juventus [ITA]', 3, 22),
(69, 'Martin Silva', '1983-03-25', 187, 'GK', 'Defensor Sporting [URU]', 3, 23),
(70, 'Hugo Lloris', '1986-12-26', 188, 'GK', 'Lyon [FRA]', 4, 1),
(71, 'Bakari Sagna', '1983-02-14', 175, 'DF', 'Arsenal [ENG]', 4, 2),
(72, 'Eric Abidal', '1979-09-11', 180, 'DF', 'Barcelona [ESP]', 4, 3),
(73, 'Anthony Reveillere', '1979-11-10', 181, 'DF', 'Lyon [FRA]', 4, 4),
(74, 'William Gallas', '1977-08-17', 181, 'DF', 'Arsenal [ENG]', 4, 5),
(75, 'Marc Planus', '1982-03-07', 183, 'DF', 'Bordeaux [FRA]', 4, 6),
(76, 'Franck Ribery', '1983-04-07', 175, 'FW', 'Bayern Munich [GER]', 4, 7),
(77, 'Yoann Gourcuff', '1986-07-11', 185, 'MF', 'Bordeaux [FRA]', 4, 8),
(78, 'Djibril Cisse', '1981-08-12', 182, 'FW', 'Panathinaikos [GRE]', 4, 9),
(79, 'Sidney Govou', '1979-07-27', 175, 'FW', 'Lyon [FRA]', 4, 10),
(80, 'Andre Pierre Gignac', '1985-12-05', 187, 'FW', 'Toulouse [FRA]', 4, 11),
(81, 'Thierry Henry', '1977-08-17', 188, 'FW', 'Barcelona [ESP]', 4, 12),
(82, 'Patrice Evra', '1981-05-15', 171, 'DF', 'Manchester Utd. [ENG]', 4, 13),
(83, 'Jeremy Toulalan', '1983-09-10', 183, 'MF', 'Lyon [FRA]', 4, 14),
(84, 'Florent Malouda', '1980-06-13', 184, 'MF', 'Chelsea [ENG]', 4, 15),
(85, 'Steve Mandanda', '1985-03-28', 185, 'GK', 'Marseille [FRA]', 4, 16),
(86, 'Sebastien Squillaci', '1980-08-11', 184, 'DF', 'Sevilla FC [ESP]', 4, 17),
(87, 'Alou Diarra', '1981-07-15', 190, 'MF', 'Bordeaux [FRA]', 4, 18),
(88, 'Abou Diaby', '1986-05-11', 188, 'MF', 'Arsenal [ENG]', 4, 19),
(89, 'Mathieu Valbuena', '1984-09-28', 167, 'FW', 'Marseille [FRA]', 4, 20),
(90, 'Nicolas Anelka', '1979-03-14', 185, 'FW', 'Chelsea [ENG]', 4, 21),
(91, 'Gael Clichy', '1985-07-26', 181, 'DF', 'Arsenal [ENG]', 4, 22),
(92, 'Cedric Carrasso', '1981-12-30', 187, 'GK', 'Bordeaux [FRA]', 4, 23),
(93, 'Diego Pozo', '1978-02-16', 183, 'GK', 'Atletico Colon [ARG]', 5, 1),
(94, 'Martin Demichelis', '1980-12-20', 184, 'DF', 'Bayern Munich [GER]', 5, 2),
(95, 'Clemente Rodriguez', '1981-07-31', 166, 'DF', 'Estudiantes La Plata [ARG]', 5, 3),
(96, 'Nicolas Burdisso', '1981-04-12', 174, 'DF', 'AS Roma [ITA]', 5, 4),
(97, 'Mario Bolatti', '1985-02-17', 189, 'MF', 'Fiorentina [ITA]', 5, 5),
(98, 'Gabriel Heinze', '1978-04-19', 178, 'DF', 'Marseille [FRA]', 5, 6),
(99, 'Angel Di Maria', '1988-02-14', 180, 'MF', 'Benfica [POR]', 5, 7),
(100, 'Juan Veron', '1975-03-09', 183, 'MF', 'Estudiantes La Plata [ARG]', 5, 8),
(101, 'Gonzalo Higuain', '1987-12-10', 182, 'FW', 'Real Madrid [ESP]', 5, 9),
(102, 'Lionel Messi', '1987-06-24', 170, 'FW', 'Barcelona [ESP]', 5, 10),
(103, 'Carlos Tevez', '1984-02-05', 173, 'FW', 'Manchester City [ENG]', 5, 11),
(104, 'Ariel Garce', '1979-07-14', 175, 'DF', 'Atletico Colon [ARG]', 5, 12),
(105, 'Walter Samuel', '1978-03-23', 182, 'DF', 'Inter [ITA]', 5, 13),
(106, 'Javier Mascherano', '1984-06-08', 171, 'MF', 'Liverpool [ENG]', 5, 14),
(107, 'Nicolas Otamendi', '1988-02-12', 171, 'DF', 'Velez Sarsfield [ARG]', 5, 15),
(108, 'Sergio Aguero', '1988-06-02', 170, 'FW', 'Atletico Madrid [ESP]', 5, 16),
(109, 'Jonas Gutierrez', '1983-07-05', 182, 'MF', 'Newcastle Utd. [ENG]', 5, 17),
(110, 'Martin Palermo', '1973-11-07', 188, 'FW', 'Boca Juniors [ARG]', 5, 18),
(111, 'Diego Milito', '1979-06-12', 177, 'FW', 'Inter [ITA]', 5, 19),
(112, 'Maxi Rodriguez', '1981-01-02', 173, 'MF', 'Liverpool [ENG]', 5, 20),
(113, 'Mariano Andujar', '1983-07-30', 180, 'GK', 'Catania [ITA]', 5, 21),
(114, 'Sergio Romero', '1987-02-22', 191, 'GK', 'AZ Alkmaar [NED]', 5, 22),
(115, 'Javier Pastore', '1989-06-20', 173, 'MF', 'Palermo [ITA]', 5, 23),
(116, 'Vincent Enyeama', '1982-08-29', 185, 'GK', 'Hapoel Tel-Aviv [ISR]', 6, 1),
(117, 'Joseph Yobo', '1980-09-06', 185, 'DF', 'Everton [ENG]', 6, 2),
(118, 'Taye Taiwo', '1985-04-16', 188, 'DF', 'Marseille [FRA]', 6, 3),
(119, 'Nwankwo Kanu', '1976-08-01', 197, 'MF', 'Portsmouth [ENG]', 6, 4),
(120, 'Rabiu Afolabi', '1980-04-18', 183, 'DF', 'Red Bull Salzburg [AUT]', 6, 5),
(121, 'Danny Shittu', '1980-09-02', 190, 'DF', 'Bolton Wanderers [ENG]', 6, 6),
(122, 'John Utaka', '1982-01-08', 179, 'FW', 'Portsmouth [ENG]', 6, 7),
(123, 'Yakubu Ayegbeni', '1982-11-22', 188, 'FW', 'Everton [ENG]', 6, 8),
(124, 'Obafemi Martins', '1984-10-28', 170, 'FW', 'Wolfsburg [GER]', 6, 9),
(125, 'Brown Ideye', '1988-10-10', 180, 'FW', 'Sochaux [FRA]', 6, 10),
(126, 'Peter Odemwingie', '1981-07-15', 181, 'FW', 'Lokomotiv Moscow [RUS]', 6, 11),
(127, 'Kalu Uche', '1982-11-15', 171, 'MF', 'Almeria [ESP]', 6, 12),
(128, 'Yussuf Ayila', '1984-11-04', 179, 'MF', 'Dynamo Kyiv [UKR]', 6, 13),
(129, 'Sani Kaita', '1986-05-02', 180, 'MF', 'Alania Vladikavkaz [RUS]', 6, 14),
(130, 'Lukman Haruna', '1990-12-04', 177, 'MF', 'Monaco [FRA]', 6, 15),
(131, 'Austin Ejide', '1984-04-08', 186, 'GK', 'Hapoel Petah Tikva [ISR]', 6, 16),
(132, 'Chidi Odiah', '1983-12-17', 181, 'DF', 'CSKA Moscow [RUS]', 6, 17),
(133, 'Victor Obinna', '1987-03-25', 178, 'FW', 'Malaga [ESP]', 6, 18),
(134, 'Chinedu Ogbuke Obasi', '1986-06-01', 181, 'FW', 'Hoffenheim [GER]', 6, 19),
(135, 'Dickson Etuhu', '1982-06-08', 191, 'MF', 'Fulham [ENG]', 6, 20),
(136, 'Uwa Echiejile', '1988-01-20', 198, 'DF', 'Rennes [FRA]', 6, 21),
(137, 'Dele Adeleye', '1988-12-25', 189, 'DF', 'Sparta Rotterdam [NED]', 6, 22),
(138, 'Dele Aiyenugba', '1983-11-20', 186, 'GK', 'Bnei Yehuda [ISR]', 6, 23),
(139, 'Lee Woon Jae', '1973-04-26', 182, 'GK', 'Suwon Bluewings [KOR]', 7, 1),
(140, 'Oh Beom Seok', '1984-07-29', 181, 'DF', 'Ulsan Hyundai [KOR]', 7, 2),
(141, 'Kim Hyung Il', '1984-04-27', 187, 'DF', 'Pohang Steelers [KOR]', 7, 3),
(142, 'Cho Yong Hyung', '1983-11-03', 182, 'DF', 'Jeju Utd. [KOR]', 7, 4),
(143, 'Kim Nam Il', '1977-03-14', 180, 'MF', 'Tom Tomsk [RUS]', 7, 5),
(144, 'Kim Bo Kyung', '1989-10-06', 178, 'MF', 'Oita Trinita [JPN]', 7, 6),
(145, 'Park Ji Sung', '1981-02-25', 178, 'MF', 'Manchester Utd. [ENG]', 7, 7),
(146, 'Kim Jung Woo', '1982-05-09', 183, 'MF', 'Gwangju Sangmu [KOR]', 7, 8),
(147, 'Ahn Jung Hwan', '1976-01-27', 177, 'FW', 'Dalian Shide [CHN]', 7, 9),
(148, 'Park Chu Young', '1985-07-10', 183, 'FW', 'Monaco [FRA]', 7, 10),
(149, 'Lee Seung Yeoul', '1989-03-06', 183, 'FW', 'FC Seoul [KOR]', 7, 11),
(150, 'Lee Young Pyo', '1977-04-23', 177, 'DF', 'Al Hilal [KSA]', 7, 12),
(151, 'Kim Jae Sung', '1983-10-03', 180, 'MF', 'Pohang Steelers [KOR]', 7, 13),
(152, 'Lee Jung Soo', '1980-01-08', 185, 'DF', 'Kashima Antlers [JPN]', 7, 14),
(153, 'Kim Dong Jin', '1982-01-29', 184, 'DF', 'Ulsan Hyundai [KOR]', 7, 15),
(154, 'Ki Sung Yueng', '1989-01-24', 187, 'MF', 'Celtic [SCO]', 7, 16),
(155, 'Lee Chung Yong', '1988-07-02', 180, 'MF', 'Bolton Wanderers [ENG]', 7, 17),
(156, 'Jung Sung Ryong', '1985-01-04', 190, 'GK', 'Seongnam Ilhwa Chunma [KOR]', 7, 18),
(157, 'Yeom Ki Hun', '1983-03-30', 182, 'MF', 'Suwon Bluewings [KOR]', 7, 19),
(158, 'Lee Dong Gook', '1979-04-29', 187, 'FW', 'Jeonbuk Motors [KOR]', 7, 20),
(159, 'Kim Young Kwang', '1983-06-28', 184, 'GK', 'Ulsan Hyundai [KOR]', 7, 21),
(160, 'Cha Du Ri', '1980-07-25', 181, 'DF', 'SC Freiburg [GER]', 7, 22),
(161, 'Kang Min Soo', '1986-02-14', 186, 'DF', 'Suwon Bluewings [KOR]', 7, 23),
(162, 'Konstantinos Chalkias', '1974-05-30', 198, 'GK', 'PAOK [GRE]', 8, 1),
(163, 'Giourkas Seitaridis', '1981-06-04', 185, 'DF', 'Panathinaikos [GRE]', 8, 2),
(164, 'Christos Patsatzoglou', '1979-03-19', 183, 'DF', 'Omonia [CYP]', 8, 3),
(165, 'Nikos Spiropoulos', '1983-10-10', 171, 'DF', 'Panathinaikos [GRE]', 8, 4),
(166, 'Vangelis Moras', '1981-08-26', 193, 'DF', 'Bologna [ITA]', 8, 5),
(167, 'Alexandros Tziolis', '1985-02-13', 190, 'MF', 'Siena [ITA]', 8, 6),
(168, 'Georgios Samaras', '1985-02-21', 192, 'FW', 'Celtic [SCO]', 8, 7),
(169, 'Avraam Papadopoulos', '1984-12-03', 186, 'DF', 'Olympiacos [GRE]', 8, 8),
(170, 'Angelos Charisteas', '1980-02-09', 191, 'FW', 'Nuremberg [GER]', 8, 9),
(171, 'Georgios Karagounis', '1977-03-06', 176, 'MF', 'Panathinaikos [GRE]', 8, 10),
(172, 'Loukas Vyntra', '1981-02-05', 184, 'DF', 'Panathinaikos [GRE]', 8, 11),
(173, 'Alexandros Tzorvas', '1982-08-12', 190, 'GK', 'Panathinaikos [GRE]', 8, 12),
(174, 'Michail Sifakis', '1984-09-09', 186, 'GK', 'Aris Thessaloniki [GRE]', 8, 13),
(175, 'Dimitrios Salpingidis', '1981-08-18', 171, 'FW', 'Panathinaikos [GRE]', 8, 14),
(176, 'Vasileios Torosidis', '1985-06-10', 185, 'DF', 'Olympiacos [GRE]', 8, 15),
(177, 'Sotirios Kyrgiakos', '1979-07-23', 192, 'DF', 'Liverpool [ENG]', 8, 16),
(178, 'Theofanis Gekas', '1980-05-23', 179, 'FW', 'Hertha Berlin [GER]', 8, 17),
(179, 'Sotiris Ninis', '1990-04-03', 173, 'MF', 'Panathinaikos [GRE]', 8, 18),
(180, 'Sokratis Papastathopoulos', '1988-06-09', 186, 'DF', 'Genoa [ITA]', 8, 19),
(181, 'Pantelis Kapetanos', '1983-06-08', 190, 'FW', 'Steaua [ROU]', 8, 20),
(182, 'Konstantinos Katsouranis', '1979-06-21', 183, 'MF', 'Panathinaikos [GRE]', 8, 21),
(183, 'Stelios Malezas', '1985-03-11', 192, 'DF', 'PAOK [GRE]', 8, 22),
(184, 'Athanasios Prittas', '1979-01-09', 185, 'MF', 'Aris Thessaloniki [GRE]', 8, 23),
(185, 'David James', '1970-08-01', 196, 'GK', 'Portsmouth [ENG]', 9, 1),
(186, 'Glen Johnson', '1984-08-23', 178, 'DF', 'Liverpool [ENG]', 9, 2),
(187, 'Ashley Cole', '1980-12-20', 173, 'DF', 'Chelsea [ENG]', 9, 3),
(188, 'Steven Gerrard', '1980-05-30', 185, 'MF', 'Liverpool [ENG]', 9, 4),
(189, 'Michael Dawson', '1983-11-18', 188, 'DF', 'Tottenham Hotspur [ENG]', 9, 5),
(190, 'John Terry', '1980-12-07', 188, 'DF', 'Chelsea [ENG]', 9, 6),
(191, 'Aaron Lennon', '1987-04-16', 165, 'MF', 'Tottenham Hotspur [ENG]', 9, 7),
(192, 'Frank Lampard', '1978-06-20', 183, 'MF', 'Chelsea [ENG]', 9, 8),
(193, 'Peter Crouch', '1981-01-30', 201, 'FW', 'Tottenham Hotspur [ENG]', 9, 9),
(194, 'Wayne Rooney', '1985-10-24', 178, 'FW', 'Manchester Utd. [ENG]', 9, 10),
(195, 'Joe Cole', '1981-11-08', 175, 'MF', 'Chelsea [ENG]', 9, 11),
(196, 'Robert Green', '1980-01-18', 187, 'GK', 'West Ham Utd. [ENG]', 9, 12),
(197, 'Stephen Warnock', '1981-12-12', 175, 'DF', 'Aston Villa [ENG]', 9, 13),
(198, 'Gareth Barry', '1981-02-23', 180, 'MF', 'Manchester City [ENG]', 9, 14),
(199, 'Matt Upson', '1979-04-18', 185, 'DF', 'West Ham Utd. [ENG]', 9, 15),
(200, 'James Milner', '1986-01-04', 170, 'MF', 'Aston Villa [ENG]', 9, 16),
(201, 'Shaun Wright-phillips', '1981-10-25', 168, 'MF', 'Manchester City [ENG]', 9, 17),
(202, 'Jamie Carragher', '1978-01-28', 185, 'DF', 'Liverpool [ENG]', 9, 18),
(203, 'Jermain Defoe', '1982-10-07', 170, 'FW', 'Tottenham Hotspur [ENG]', 9, 19),
(204, 'Ledley King', '1980-10-12', 188, 'DF', 'Tottenham Hotspur [ENG]', 9, 20),
(205, 'Emile Heskey', '1978-01-11', 188, 'FW', 'Aston Villa [ENG]', 9, 21),
(206, 'Michael Carrick', '1981-07-28', 183, 'MF', 'Manchester Utd. [ENG]', 9, 22),
(207, 'Joe Hart', '1987-04-19', 191, 'GK', 'Birmingham City [ENG]', 9, 23),
(208, 'Tim Howard', '1979-03-06', 187, 'GK', 'Everton [ENG]', 10, 1),
(209, 'Jonathan Spector', '1986-03-01', 183, 'DF', 'West Ham Utd. [ENG]', 10, 2),
(210, 'Carlos Bocanegra', '1979-05-25', 184, 'DF', 'Rennes [FRA]', 10, 3),
(211, 'Michael Bradley', '1987-07-31', 185, 'MF', 'Borussia Moenchengladbach [GER]', 10, 4),
(212, 'Oguchi Onyewu', '1982-05-13', 192, 'DF', 'AC Milan [ITA]', 10, 5),
(213, 'Steve Cherundolo', '1979-02-19', 168, 'DF', 'Hannover 96 [GER]', 10, 6),
(214, 'Damarcus Beasley', '1982-05-24', 170, 'MF', 'Rangers [SCO]', 10, 7),
(215, 'Clint Dempsey', '1983-03-09', 185, 'MF', 'Fulham [ENG]', 10, 8),
(216, 'Herculez Gomez', '1982-04-06', 178, 'FW', 'Puebla [MEX]', 10, 9),
(217, 'Landon Donovan', '1982-03-04', 173, 'MF', 'Los Angeles Galaxy [USA]', 10, 10),
(218, 'Stuart Holden', '1985-08-01', 178, 'MF', 'Bolton Wanderers [ENG]', 10, 11),
(219, 'Jonathan Bornstein', '1984-11-07', 175, 'DF', 'Chivas USA [USA]', 10, 12),
(220, 'Ricardo Clark', '1983-02-10', 178, 'MF', 'Eintracht Frankfurt [GER]', 10, 13),
(221, 'Edson Buddle', '1981-05-21', 185, 'FW', 'Los Angeles Galaxy [USA]', 10, 14),
(222, 'Jay Demerit', '1979-12-04', 180, 'DF', 'Watford [ENG]', 10, 15),
(223, 'Francisco Torres', '1987-10-29', 168, 'MF', 'Pachuca [MEX]', 10, 16),
(224, 'Jozy Altidore', '1989-11-06', 185, 'FW', 'Hull City [ENG]', 10, 17),
(225, 'Brad Guzan', '1984-09-09', 193, 'GK', 'Aston Villa [ENG]', 10, 18),
(226, 'Maurice Edu', '1986-04-18', 183, 'MF', 'Rangers [SCO]', 10, 19),
(227, 'Robbie Findley', '1985-08-04', 175, 'FW', 'Real Salt Lake [USA]', 10, 20),
(228, 'Clarence Goodson', '1982-05-17', 193, 'DF', 'IK Start [NOR]', 10, 21),
(229, 'Benny Feilhaber', '1985-01-19', 175, 'MF', 'AGF Aarhus [DEN]', 10, 22),
(230, 'Marcus Hahnemann', '1972-06-15', 192, 'GK', 'Wolverhampton [ENG]', 10, 23),
(231, 'Lounes Gaouaoui', '1977-09-28', 188, 'GK', 'Chlef [ALG]', 11, 1),
(232, 'Madjid Bougherra', '1982-10-07', 190, 'DF', 'Rangers [SCO]', 11, 2),
(233, 'Nadir Belhadj', '1982-06-18', 180, 'DF', 'Portsmouth [ENG]', 11, 3),
(234, 'Anther Yahia', '1982-03-21', 185, 'DF', 'Bochum [GER]', 11, 4),
(235, 'Rafik Halliche', '1986-09-02', 187, 'DF', 'Nacional Madeira [POR]', 11, 5),
(236, 'Yazid Mansouri', '1978-02-25', 175, 'MF', 'Lorient [FRA]', 11, 6),
(237, 'Ryad Boudebouz', '1990-02-19', 178, 'MF', 'Sochaux [FRA]', 11, 7),
(238, 'Medhi Lacen', '1984-03-15', 178, 'MF', 'Racing Santander [ESP]', 11, 8),
(239, 'Abdelkader Ghezzal', '1984-12-05', 186, 'FW', 'Siena [ITA]', 11, 9),
(240, 'Rafik Saifi', '1975-02-07', 178, 'FW', 'Istres [FRA]', 11, 10),
(241, 'Rafik Djebbour', '1984-03-08', 185, 'FW', 'AEK Athens [GRE]', 11, 11),
(242, 'Habib Bellaid', '1986-03-28', 189, 'DF', 'Boulogne [FRA]', 11, 12),
(243, 'Karim Matmour', '1985-06-25', 181, 'MF', 'Borussia Moenchengladbach [GER]', 11, 13),
(244, 'Abdelkader Laifaoui', '1981-07-29', 177, 'DF', 'Setif [ALG]', 11, 14),
(245, 'Karim Ziani', '1982-08-17', 168, 'MF', 'Wolfsburg [GER]', 11, 15),
(246, 'Faouzi Chaouchi', '1984-12-05', 180, 'GK', 'Setif [ALG]', 11, 16),
(247, 'Adlane Guedioura', '1985-11-12', 183, 'MF', 'Wolverhampton [ENG]', 11, 17),
(248, 'Carl Medjani', '1985-05-15', 184, 'DF', 'Ajaccio [FRA]', 11, 18),
(249, 'Hassan Yebda', '1984-05-14', 188, 'MF', 'Portsmouth [ENG]', 11, 19),
(250, 'Djamel Mesbah', '1984-10-09', 180, 'DF', 'Lecce [ITA]', 11, 20),
(251, 'Foued Kadir', '1983-12-05', 180, 'MF', 'Valenciennes [FRA]', 11, 21),
(252, 'Djamal Abdoun', '1986-02-14', 180, 'MF', 'Nantes [FRA]', 11, 22),
(253, 'Rais M Bolhi', '1986-04-25', 190, 'GK', 'Slavia Sofia [BUL]', 11, 23),
(254, 'Samir Handanovic', '1984-07-14', 193, 'GK', 'Udinese [ITA]', 12, 1),
(255, 'Miso Brecko', '1984-05-01', 172, 'DF', 'FC Cologne [GER]', 12, 2),
(256, 'Elvedin Dzinic', '1985-08-25', 189, 'DF', 'Maribor [SVN]', 12, 3),
(257, 'Marko Suler', '1983-03-09', 187, 'DF', 'Gent [BEL]', 12, 4),
(258, 'Bostjan Cesar', '1982-07-09', 190, 'DF', 'Grenoble [FRA]', 12, 5),
(259, 'Branko Ilic', '1983-02-06', 186, 'DF', 'Lokomotiv Moscow [RUS]', 12, 6),
(260, 'Nejc Pecnik', '1986-01-03', 187, 'FW', 'Nacional Madeira [POR]', 12, 7),
(261, 'Robert Koren', '1980-09-20', 173, 'MF', 'West Bromwich Albion [ENG]', 12, 8),
(262, 'Zlatan Ljubijankic', '1983-12-15', 185, 'FW', 'Gent [BEL]', 12, 9),
(263, 'Valter Birsa', '1986-08-07', 180, 'MF', 'Auxerre [FRA]', 12, 10),
(264, 'Milivoje Novakovic', '1979-05-18', 191, 'FW', 'FC Cologne [GER]', 12, 11),
(265, 'Jasmin Handanovic', '1978-01-28', 197, 'GK', 'Mantova [ITA]', 12, 12),
(266, 'Bojan Jokic', '1986-05-17', 171, 'DF', 'Chievo [ITA]', 12, 13),
(267, 'Zlatko Dedic', '1984-10-05', 172, 'FW', 'Bochum [GER]', 12, 14),
(268, 'Rene Krhin', '1990-05-21', 184, 'MF', 'Inter [ITA]', 12, 15),
(269, 'Aleksander Seliga', '1980-02-01', 187, 'GK', 'Sparta Rotterdam [NED]', 12, 16),
(270, 'Andraz Kirm', '1984-09-06', 185, 'MF', 'Wisla Krakow [POL]', 12, 17),
(271, 'Aleksandar Radosavljevic', '1979-04-25', 181, 'MF', 'Larissa [GRE]', 12, 18),
(272, 'Suad Filekovic', '1978-09-16', 190, 'DF', 'Maribor [SVN]', 12, 19),
(273, 'Andrej Komac', '1979-12-04', 170, 'MF', 'Maccabi Tel-Aviv [ISR]', 12, 20),
(274, 'Dalibor Stevanovic', '1984-09-27', 183, 'MF', 'Vitesse Arnhem [NED]', 12, 21),
(275, 'Matej Mavric', '1979-01-29', 186, 'DF', 'TuS Koblenz [GER]', 12, 22),
(276, 'Tim Matavz', '1989-01-13', 190, 'FW', 'Groningen [NED]', 12, 23),
(277, 'Vladimir Stojkovic', '1983-07-28', 195, 'GK', 'Wigan [ENG]', 15, 1),
(278, 'Antonio Rukavina', '1984-01-26', 177, 'DF', 'Munich 1860 [GER]', 15, 2),
(279, 'Aleksandar Kolarov', '1985-11-10', 187, 'DF', 'Lazio [ITA]', 15, 3),
(280, 'Gojko Kacar', '1987-01-26', 185, 'MF', 'Hertha Berlin [GER]', 15, 4),
(281, 'Nemanja Vidic', '1981-10-21', 185, 'DF', 'Manchester Utd. [ENG]', 15, 5),
(282, 'Branislav Ivanovic', '1984-02-22', 188, 'DF', 'Chelsea [ENG]', 15, 6),
(283, 'Zoran Tosic', '1987-04-28', 171, 'MF', 'FC Cologne [GER]', 15, 7),
(284, 'Danko Lazovic', '1983-05-17', 185, 'FW', 'Zenit St Petersburg [RUS]', 15, 8),
(285, 'Marko Pantelic', '1978-09-15', 181, 'FW', 'Ajax [NED]', 15, 9),
(286, 'Dejan Stankovic', '1978-09-11', 181, 'MF', 'Inter [ITA]', 15, 10),
(287, 'Nenad Milijas', '1983-04-30', 182, 'MF', 'Wolverhampton [ENG]', 15, 11),
(288, 'Bojan Isailovic', '1980-03-25', 192, 'GK', 'Zaglebie Lubin [POL]', 15, 12),
(289, 'Aleksandar Lukovic', '1982-10-23', 184, 'DF', 'Udinese [ITA]', 15, 13),
(290, 'Milan Jovanovic', '1981-04-18', 183, 'MF', 'Standard Liege [BEL]', 15, 14),
(291, 'Nikola Zigic', '1980-09-25', 202, 'FW', 'Valencia [ESP]', 15, 15),
(292, 'Ivan Obradovic', '1988-07-25', 181, 'DF', 'Zaragoza [ESP]', 15, 16),
(293, 'Milos Krasic', '1984-11-01', 185, 'MF', 'CSKA Moscow [RUS]', 15, 17),
(294, 'Milos Ninkovic', '1984-12-25', 179, 'MF', 'Dynamo Kyiv [UKR]', 15, 18),
(295, 'Radosav Petrovic', '1989-03-08', 193, 'MF', 'Partizan [SRB]', 15, 19),
(296, 'Neven Subotic', '1988-12-10', 193, 'DF', 'Borussia Dortmund [GER]', 15, 20),
(297, 'Dragan Mrdja', '1984-01-23', 187, 'FW', 'Vojvodina Novi Sad [SRB]', 15, 21),
(298, 'Zdravko Kuzmanovic', '1987-09-22', 187, 'MF', 'VfB Stuttgart [GER]', 15, 22),
(299, 'Andjelko Djuricic', '1980-11-21', 194, 'GK', 'Leiria [POR]', 15, 23),
(300, 'Daniel Agyei', '1989-11-10', 186, 'GK', 'Liberty [GHA]', 16, 1),
(301, 'Hans Sarpei', '1976-06-28', 178, 'DF', 'Bayer Leverkusen [GER]', 16, 2),
(302, 'Asamoah Gyan', '1985-11-22', 186, 'FW', 'Rennes [FRA]', 16, 3),
(303, 'John Pantsil', '1981-06-15', 178, 'DF', 'Fulham [ENG]', 16, 4),
(304, 'John Mensah', '1982-11-29', 177, 'DF', 'Sunderland [ENG]', 16, 5),
(305, 'Anthony Annan', '1986-07-21', 171, 'MF', 'Rosenborg [NOR]', 16, 6),
(306, 'Samuel Inkoom', '1989-06-01', 179, 'DF', 'Basel [SUI]', 16, 7),
(307, 'Jonathan Mensah', '1990-07-13', 182, 'DF', 'Free State Stars [RSA]', 16, 8),
(308, 'Derek Boateng', '1983-05-02', 185, 'MF', 'Getafe [ESP]', 16, 9),
(309, 'Stephen Appiah', '1980-12-24', 178, 'MF', 'Bologna [ITA]', 16, 10),
(310, 'Sulley Muntari', '1984-08-27', 180, 'MF', 'Inter [ITA]', 16, 11),
(311, 'Prince Tagoe', '1986-11-09', 179, 'FW', 'Hoffenheim [GER]', 16, 12),
(312, 'Andre Ayew', '1989-12-17', 175, 'MF', 'Arles [FRA]', 16, 13),
(313, 'Matthew Amoah', '1980-10-24', 175, 'FW', 'NAC Breda [NED]', 16, 14),
(314, 'Isaac Vorsah', '1988-06-21', 180, 'DF', 'Hoffenheim [GER]', 16, 15),
(315, 'Stephen Ahorlu', '1988-09-05', 179, 'GK', 'Heart of Lions [GHA]', 16, 16),
(316, 'Ibrahim Ayew', '1988-04-16', 176, 'DF', 'Zamalek [EGY]', 16, 17),
(317, 'Dominic Adiyiah', '1989-11-29', 170, 'FW', 'AC Milan [ITA]', 16, 18),
(318, 'Lee Addy', '1990-07-07', 178, 'DF', 'Bechem Chelsea [GHA]', 16, 19),
(319, 'Quincy Owusu-abeyie', '1986-04-15', 180, 'FW', 'Al Sadd [QAT]', 16, 20),
(320, 'Kwadwo Asamoah', '1988-12-09', 168, 'MF', 'Udinese [ITA]', 16, 21),
(321, 'Richard Kingson', '1978-06-13', 182, 'GK', 'Wigan [ENG]', 16, 22),
(322, 'Kevin Prince Boateng', '1987-03-06', 182, 'FW', 'Portsmouth [ENG]', 16, 23),
(323, 'Manuel Neuer', '1986-03-27', 190, 'GK', 'Schalke 04 [GER]', 13, 1),
(324, 'Marcell Jansen', '1985-11-04', 190, 'MF', 'Hamburger SV [GER]', 13, 2),
(325, 'Arne Friedrich', '1979-05-29', 185, 'DF', 'Hertha Berlin [GER]', 13, 3),
(326, 'Dennis Aogo', '1987-01-14', 184, 'DF', 'Hamburger SV [GER]', 13, 4),
(327, 'Serdar Tasci', '1987-04-24', 186, 'DF', 'VfB Stuttgart [GER]', 13, 5),
(328, 'Sami Khedira', '1987-04-04', 189, 'MF', 'VfB Stuttgart [GER]', 13, 6),
(329, 'Bastian Schweinsteiger', '1984-08-01', 180, 'MF', 'Bayern Munich [GER]', 13, 7),
(330, 'Mesut Oezil', '1988-10-15', 182, 'MF', 'Werder Bremen [GER]', 13, 8),
(331, 'Stefan Kiessling', '1984-01-25', 191, 'FW', 'Bayer Leverkusen [GER]', 13, 9),
(332, 'Lukas Podolski', '1985-06-04', 180, 'FW', 'FC Cologne [GER]', 13, 10),
(333, 'Miroslav Klose', '1978-06-09', 182, 'FW', 'Bayern Munich [GER]', 13, 11),
(334, 'Tim Wiese', '1981-12-17', 193, 'GK', 'Werder Bremen [GER]', 13, 12),
(335, 'Thomas Mueller', '1989-09-13', 186, 'MF', 'Bayern Munich [GER]', 13, 13),
(336, 'Holger Badstuber', '1989-03-13', 190, 'DF', 'Bayern Munich [GER]', 13, 14),
(337, 'Piotr Trochowski', '1984-03-22', 168, 'MF', 'Hamburger SV [GER]', 13, 15),
(338, 'Philipp Lahm', '1983-11-11', 170, 'DF', 'Bayern Munich [GER]', 13, 16),
(339, 'Per Mertesacker', '1984-09-29', 196, 'DF', 'Werder Bremen [GER]', 13, 17),
(340, 'Toni Kroos', '1990-01-04', 180, 'MF', 'Bayer Leverkusen [GER]', 13, 18),
(341, 'Cacau', '1981-03-27', 180, 'FW', 'VfB Stuttgart [GER]', 13, 19),
(342, 'Jerome Boateng', '1988-09-03', 192, 'DF', 'Hamburger SV [GER]', 13, 20),
(343, 'Marko Marin', '1989-03-13', 169, 'MF', 'Werder Bremen [GER]', 13, 21),
(344, 'Hans Joerg Butt', '1974-05-28', 191, 'GK', 'Bayern Munich [GER]', 13, 22),
(345, 'Mario Gomez', '1985-07-10', 189, 'FW', 'Bayern Munich [GER]', 13, 23),
(346, 'Mark Schwarzer', '1972-10-06', 196, 'GK', 'Fulham [ENG]', 14, 1),
(347, 'Lucas Neill', '1978-03-09', 185, 'DF', 'Galatasaray [TUR]', 14, 2),
(348, 'Craig Moore', '1975-12-12', 186, 'DF', 'no club affiliation [UNK]', 14, 3),
(349, 'Tim Cahill', '1979-12-06', 180, 'FW', 'Everton [ENG]', 14, 4),
(350, 'Jason Culina', '1980-08-05', 175, 'MF', 'Gold Coast United [AUS]', 14, 5),
(351, 'Michael Beauchamp', '1981-03-08', 191, 'DF', 'Al Jazira [UAE]', 14, 6),
(352, 'Brett Emerton', '1979-02-22', 185, 'MF', 'Blackburn Rovers [ENG]', 14, 7),
(353, 'Luke Wilkshire', '1981-10-02', 177, 'DF', 'Dynamo Moscow [RUS]', 14, 8),
(354, 'Joshua Kennedy', '1982-08-20', 192, 'FW', 'Nagoya Grampus Eight [JPN]', 14, 9),
(355, 'Harry Kewell', '1978-09-22', 183, 'FW', 'Galatasaray [TUR]', 14, 10),
(356, 'Scott Chipperfield', '1975-12-30', 180, 'DF', 'Basel [SUI]', 14, 11),
(357, 'Adam Federici', '1985-01-31', 188, 'GK', 'Reading [ENG]', 14, 12),
(358, 'Vince Grella', '1979-10-05', 183, 'MF', 'Blackburn Rovers [ENG]', 14, 13),
(359, 'Brett Holman', '1984-03-27', 176, 'FW', 'AZ Alkmaar [NED]', 14, 14),
(360, 'Mile Jedinak', '1984-08-03', 188, 'MF', 'Antalyaspor [TUR]', 14, 15),
(361, 'Carl Valeri', '1984-08-14', 180, 'MF', 'Sassuolo [ITA]', 14, 16),
(362, 'Nikita Rukavytsya', '1987-06-22', 183, 'FW', 'Twente Enschede [NED]', 14, 17),
(363, 'Eugene Galekovic', '1981-06-12', 186, 'GK', 'Adelaide Utd. [AUS]', 14, 18),
(364, 'Richard Garcia', '1981-09-04', 180, 'FW', 'Hull City [ENG]', 14, 19),
(365, 'Mark Milligan', '1985-08-04', 178, 'DF', 'JEF United Ichihara [JPN]', 14, 20),
(366, 'David Carney', '1983-11-30', 181, 'DF', 'Twente Enschede [NED]', 14, 21),
(367, 'Dario Vidosic', '1987-04-08', 185, 'MF', 'MSV Duisburg [GER]', 14, 22),
(368, 'Marco Bresciano', '1980-02-11', 182, 'FW', 'Palermo [ITA]', 14, 23),
(369, 'Maarten Stekelenburg', '1982-09-22', 197, 'GK', 'Ajax [NED]', 17, 1),
(370, 'Gregory Van Der Wiel', '1988-02-03', 180, 'DF', 'Ajax [NED]', 17, 2),
(371, 'John Heitinga', '1983-11-15', 182, 'DF', 'Everton [ENG]', 17, 3),
(372, 'Joris Mathijsen', '1980-04-05', 182, 'DF', 'Hamburger SV [GER]', 17, 4),
(373, 'Giovanni Van Bronckhorst', '1975-02-05', 176, 'DF', 'Feyenoord [NED]', 17, 5),
(374, 'Mark Van Bommel', '1977-04-22', 187, 'MF', 'Bayern Munich [GER]', 17, 6),
(375, 'Dirk Kuyt', '1980-07-22', 183, 'FW', 'Liverpool [ENG]', 17, 7),
(376, 'Nigel De Jong', '1984-11-30', 174, 'MF', 'Manchester City [ENG]', 17, 8),
(377, 'Robin Van Persie', '1983-08-06', 184, 'FW', 'Arsenal [ENG]', 17, 9),
(378, 'Wesley Sneijder', '1984-06-09', 170, 'MF', 'Inter [ITA]', 17, 10),
(379, 'Arjen Robben', '1984-01-23', 180, 'FW', 'Bayern Munich [GER]', 17, 11),
(380, 'Khalid Boulahrouz', '1981-12-28', 184, 'DF', 'VfB Stuttgart [GER]', 17, 12),
(381, 'Andre Ooijer', '1974-07-11', 184, 'DF', 'PSV Eindhoven [NED]', 17, 13),
(382, 'Demy De Zeeuw', '1983-05-26', 174, 'MF', 'Ajax [NED]', 17, 14),
(383, 'Edson Braafheid', '1983-04-08', 174, 'DF', 'Celtic [SCO]', 17, 15),
(384, 'Michel Vorm', '1983-10-20', 182, 'GK', 'Utrecht [NED]', 17, 16);
INSERT INTO Player (id, name, birth_date, height, playing_position, local_club, national_team, national_team_tshirt) VALUES
(385, 'Eljero Elia', '1987-02-13', 177, 'FW', 'Hamburger SV [GER]', 17, 17),
(386, 'Stijn Schaars', '1984-01-11', 178, 'MF', 'AZ Alkmaar [NED]', 17, 18),
(387, 'Ryan Babel', '1986-12-19', 185, 'FW', 'Liverpool [ENG]', 17, 19),
(388, 'Ibrahim Afellay', '1986-04-02', 184, 'MF', 'PSV Eindhoven [NED]', 17, 20),
(389, 'Klaas Jan Huntelaar', '1983-08-12', 185, 'FW', 'AC Milan [ITA]', 17, 21),
(390, 'Sander Boschker', '1970-10-20', 185, 'GK', 'Twente Enschede [NED]', 17, 22),
(391, 'Rafael Van Der Vaart', '1983-02-11', 178, 'MF', 'Real Madrid [ESP]', 17, 23),
(392, 'Thomas Sorensen', '1976-06-12', 185, 'GK', 'Stoke City [ENG]', 18, 1),
(393, 'Christian Poulsen', '1980-02-28', 182, 'MF', 'Juventus [ITA]', 18, 2),
(394, 'Simon Kjaer', '1989-03-26', 191, 'DF', 'Palermo [ITA]', 18, 3),
(395, 'Daniel Agger', '1984-12-12', 188, 'DF', 'Liverpool [ENG]', 18, 4),
(396, 'William Kvist', '1985-02-24', 185, 'MF', 'Copenhagen [DEN]', 18, 5),
(397, 'Lars Jacobsen', '1979-09-20', 184, 'DF', 'Blackburn Rovers [ENG]', 18, 6),
(398, 'Daniel Jensen', '1979-06-25', 180, 'MF', 'Werder Bremen [GER]', 18, 7),
(399, 'Jesper Gronkjaer', '1977-08-12', 187, 'FW', 'Copenhagen [DEN]', 18, 8),
(400, 'Jon Dahl Tomasson', '1976-08-29', 182, 'FW', 'Feyenoord [NED]', 18, 9),
(401, 'Martin Jorgensen', '1975-10-06', 180, 'MF', 'AGF Aarhus [DEN]', 18, 10),
(402, 'Nicklas Bendtner', '1988-01-16', 194, 'FW', 'Arsenal [ENG]', 18, 11),
(403, 'Thomas Kahlenberg', '1983-03-20', 185, 'MF', 'Wolfsburg [GER]', 18, 12),
(404, 'Per Kroldrup', '1979-07-31', 194, 'DF', 'Fiorentina [ITA]', 18, 13),
(405, 'Jakob Poulsen', '1983-07-07', 185, 'MF', 'AGF Aarhus [DEN]', 18, 14),
(406, 'Simon Poulsen', '1984-04-07', 187, 'DF', 'AZ Alkmaar [NED]', 18, 15),
(407, 'Stephan Andersen', '1981-11-26', 188, 'GK', 'Brondby [DEN]', 18, 16),
(408, 'Mikkel Beckmann', '1983-10-24', 178, 'FW', 'Randers [DEN]', 18, 17),
(409, 'Soren Larsen', '1981-09-06', 194, 'FW', 'MSV Duisburg [GER]', 18, 18),
(410, 'Dennis Rommedahl', '1978-07-22', 178, 'FW', 'Ajax [NED]', 18, 19),
(411, 'Thomas Enevoldsen', '1987-07-27', 182, 'MF', 'Groningen [NED]', 18, 20),
(412, 'Christian Eriksen', '1992-02-14', 181, 'MF', 'Ajax [NED]', 18, 21),
(413, 'Jesper Christiansen', '1978-04-24', 192, 'GK', 'Copenhagen [DEN]', 18, 22),
(414, 'Patrick Mtiliga', '1981-01-28', 170, 'DF', 'Malaga [ESP]', 18, 23),
(415, 'Seigo Narazaki', '1976-04-15', 187, 'GK', 'Nagoya Grampus Eight [JPN]', 19, 1),
(416, 'Yuki Abe', '1981-09-06', 177, 'MF', 'Urawa Reds [JPN]', 19, 2),
(417, 'Yuichi Komano', '1981-07-25', 172, 'DF', 'Jubilo Iwata [JPN]', 19, 3),
(418, 'Marcus Tulio Tanaka', '1981-04-24', 185, 'DF', 'Nagoya Grampus Eight [JPN]', 19, 4),
(419, 'Yuto Nagatomo', '1986-09-12', 170, 'DF', 'FC Tokyo [JPN]', 19, 5),
(420, 'Atsuto Uchida', '1988-03-27', 176, 'DF', 'Kashima Antlers [JPN]', 19, 6),
(421, 'Yasuhito Endo', '1980-01-28', 178, 'MF', 'Gamba Osaka [JPN]', 19, 7),
(422, 'Daisuke Matsui', '1981-05-11', 175, 'MF', 'Grenoble [FRA]', 19, 8),
(423, 'Shinji Okazaki', '1986-04-16', 174, 'FW', 'Shimizu S-Pulse [JPN]', 19, 9),
(424, 'Shunsuke Nakamura', '1978-06-24', 178, 'MF', 'Yokohama F Marinos [JPN]', 19, 10),
(425, 'Keiji Tamada', '1980-04-11', 173, 'FW', 'Nagoya Grampus Eight [JPN]', 19, 11),
(426, 'Kisho Yano', '1984-04-05', 185, 'FW', 'Albirex Niigata [JPN]', 19, 12),
(427, 'Daiki Iwamasa', '1982-01-30', 187, 'DF', 'Kashima Antlers [JPN]', 19, 13),
(428, 'Kengo Nakamura', '1980-10-31', 175, 'MF', 'Kawasaki Frontale [JPN]', 19, 14),
(429, 'Yasuyuki Konno', '1983-01-25', 178, 'DF', 'FC Tokyo [JPN]', 19, 15),
(430, 'Yoshito Okubo', '1982-06-09', 170, 'FW', 'Vissel Kobe [JPN]', 19, 16),
(431, 'Makoto Hasebe', '1984-01-18', 177, 'MF', 'Wolfsburg [GER]', 19, 17),
(432, 'Keisuke Honda', '1986-06-13', 182, 'MF', 'CSKA Moscow [RUS]', 19, 18),
(433, 'Takayuki Morimoto', '1988-05-07', 180, 'FW', 'Catania [ITA]', 19, 19),
(434, 'Junichi Inamoto', '1979-09-18', 181, 'MF', 'Kawasaki Frontale [JPN]', 19, 20),
(435, 'Eiji Kawashima', '1983-03-20', 185, 'GK', 'Kawasaki Frontale [JPN]', 19, 21),
(436, 'Yuji Nakazawa', '1978-02-25', 187, 'DF', 'Yokohama F Marinos [JPN]', 19, 22),
(437, 'Yoshikatsu Kawaguchi', '1975-08-15', 180, 'GK', 'Jubilo Iwata [JPN]', 19, 23),
(438, 'Idriss Kameni', '1984-02-18', 185, 'GK', 'Espanyol [ESP]', 20, 1),
(439, 'Benoit Assou-ekotto', '1984-03-24', 178, 'DF', 'Tottenham Hotspur [ENG]', 20, 2),
(440, 'Nicolas Nkoulou', '1990-03-27', 185, 'DF', 'Monaco [FRA]', 20, 3),
(441, 'Rigobert Song', '1976-07-01', 185, 'DF', 'Trabzonspor [TUR]', 20, 4),
(442, 'Sebastien Bassong', '1986-07-09', 187, 'DF', 'Tottenham Hotspur [ENG]', 20, 5),
(443, 'Alexandre Song', '1987-09-09', 183, 'MF', 'Arsenal [ENG]', 20, 6),
(444, 'Landry Nguemo', '1985-11-28', 172, 'MF', 'Celtic [SCO]', 20, 7),
(445, 'Geremi', '1978-12-20', 177, 'DF', 'Ankaragucu [TUR]', 20, 8),
(446, 'Samuel Etoo', '1981-03-10', 178, 'FW', 'Inter [ITA]', 20, 9),
(447, 'Achille Emana', '1982-06-05', 180, 'FW', 'Betis Sevilla [ESP]', 20, 10),
(448, 'Jean Makoun', '1983-05-29', 170, 'MF', 'Lyon [FRA]', 20, 11),
(449, 'Gaetan Bong', '1988-04-25', 183, 'DF', 'Valenciennes [FRA]', 20, 12),
(450, 'Eric Choupo Moting', '1989-03-23', 190, 'FW', 'Nuremberg [GER]', 20, 13),
(451, 'Aurelien Chedjou', '1985-06-20', 185, 'DF', 'Lille [FRA]', 20, 14),
(452, 'Pierre Webo', '1982-01-20', 180, 'FW', 'Mallorca [ESP]', 20, 15),
(453, 'Hamidou Souleymanou', '1973-11-22', 187, 'GK', 'Kayserispor [TUR]', 20, 16),
(454, 'Mohamadou Idrissou', '1980-03-08', 190, 'FW', 'SC Freiburg [GER]', 20, 17),
(455, 'Eyong Enoh', '1986-03-23', 180, 'MF', 'Ajax [NED]', 20, 18),
(456, 'Stephane Mbia', '1986-05-20', 190, 'DF', 'Marseille [FRA]', 20, 19),
(457, 'Georges Mandjeck', '1988-12-09', 181, 'MF', 'Kaiserslautern [GER]', 20, 20),
(458, 'Joel Matip', '1991-08-08', 194, 'MF', 'Schalke 04 [GER]', 20, 21),
(459, 'Guy Ndy', '1986-02-28', 185, 'GK', 'Valenciennes [FRA]', 20, 22),
(460, 'Vincent Aboubakar', '1992-01-22', 176, 'FW', 'Coton Sport [CMR]', 20, 23),
(461, 'Gianluigi Buffon', '1978-01-28', 190, 'GK', 'Juventus [ITA]', 21, 1),
(462, 'Christian Maggio', '1982-02-11', 184, 'DF', 'Napoli [ITA]', 21, 2),
(463, 'Domenico Criscito', '1986-12-30', 175, 'DF', 'Genoa [ITA]', 21, 3),
(464, 'Giorgio Chiellini', '1984-08-14', 192, 'DF', 'Juventus [ITA]', 21, 4),
(465, 'Fabio Cannavaro', '1973-09-13', 175, 'DF', 'Juventus [ITA]', 21, 5),
(466, 'Daniele De Rossi', '1983-07-24', 182, 'MF', 'AS Roma [ITA]', 21, 6),
(467, 'Simone Pepe', '1983-08-30', 179, 'MF', 'Udinese [ITA]', 21, 7),
(468, 'Gennaro Gattuso', '1978-01-09', 177, 'MF', 'AC Milan [ITA]', 21, 8),
(469, 'Vincenzo Iaquinta', '1979-11-21', 186, 'FW', 'Juventus [ITA]', 21, 9),
(470, 'Antonio Di Natale', '1977-10-13', 170, 'FW', 'Udinese [ITA]', 21, 10),
(471, 'Alberto Gilardino', '1982-07-05', 184, 'FW', 'Fiorentina [ITA]', 21, 11),
(472, 'Federico Marchetti', '1983-02-07', 188, 'GK', 'Cagliari [ITA]', 21, 12),
(473, 'Salvatore Bocchetti', '1986-11-30', 178, 'DF', 'Genoa [ITA]', 21, 13),
(474, 'Morgan De Sanctis', '1977-03-26', 190, 'GK', 'Napoli [ITA]', 21, 14),
(475, 'Claudio Marchisio', '1986-01-19', 179, 'MF', 'Juventus [ITA]', 21, 15),
(476, 'Mauro Camoranesi', '1976-10-04', 174, 'MF', 'Juventus [ITA]', 21, 16),
(477, 'Angelo Palombo', '1981-09-25', 177, 'MF', 'Sampdoria [ITA]', 21, 17),
(478, 'Fabio Quagliarella', '1983-01-31', 180, 'FW', 'Napoli [ITA]', 21, 18),
(479, 'Gianluca Zambrotta', '1977-02-19', 181, 'DF', 'AC Milan [ITA]', 21, 19),
(480, 'Giampaolo Pazzini', '1984-08-02', 180, 'FW', 'Sampdoria [ITA]', 21, 20),
(481, 'Andrea Pirlo', '1979-05-19', 177, 'MF', 'AC Milan [ITA]', 21, 21),
(482, 'Riccardo Montolivo', '1985-01-18', 181, 'MF', 'Fiorentina [ITA]', 21, 22),
(483, 'Leonardo Bonucci', '1987-05-01', 190, 'DF', 'Bari [ITA]', 21, 23),
(484, 'Justo Villar', '1977-06-30', 180, 'GK', 'Valladolid [ESP]', 22, 1),
(485, 'Dario Veron', '1979-07-26', 181, 'DF', 'Pumas UNAM [MEX]', 22, 2),
(486, 'Claudio Morel', '1978-02-02', 175, 'DF', 'Boca Juniors [ARG]', 22, 3),
(487, 'Denis Caniza', '1974-08-29', 174, 'DF', 'Leon [MEX]', 22, 4),
(488, 'Julio Cesar Caceres', '1979-10-05', 181, 'DF', 'Atletico Mineiro [BRA]', 22, 5),
(489, 'Carlos Bonet', '1977-10-02', 176, 'MF', 'Olimpia Asuncion [PAR]', 22, 6),
(490, 'Oscar Cardozo', '1983-05-20', 192, 'FW', 'Benfica [POR]', 22, 7),
(491, 'Edgar Barreto', '1984-07-15', 178, 'MF', 'Atalanta [ITA]', 22, 8),
(492, 'Roque Santa Cruz', '1981-08-16', 191, 'FW', 'Manchester City [ENG]', 22, 9),
(493, 'Edgar Benitez', '1987-11-08', 176, 'FW', 'Pachuca [MEX]', 22, 10),
(494, 'Jonathan Santana', '1981-10-19', 181, 'MF', 'Wolfsburg [GER]', 22, 11),
(495, 'Diego Barreto', '1981-07-16', 182, 'GK', 'Cerro Porteno [PAR]', 22, 12),
(496, 'Enrique Vera', '1979-03-10', 178, 'MF', 'Liga de Quito [ECU]', 22, 13),
(497, 'Paulo Da Silva', '1980-02-01', 184, 'DF', 'Sunderland [ENG]', 22, 14),
(498, 'Victor Caceres', '1985-03-25', 186, 'MF', 'Libertad [PAR]', 22, 15),
(499, 'Cristian Riveros', '1982-10-16', 179, 'MF', 'Cruz Azul [MEX]', 22, 16),
(500, 'Aureliano Torres', '1982-06-16', 178, 'DF', 'San Lorenzo [ARG]', 22, 17),
(501, 'Nelson Valdez', '1983-11-28', 178, 'FW', 'Borussia Dortmund [GER]', 22, 18),
(502, 'Lucas Barrios', '1984-11-13', 187, 'FW', 'Borussia Dortmund [GER]', 22, 19),
(503, 'Nestor Ortigoza', '1984-10-07', 180, 'MF', 'Argentinos Juniors [ARG]', 22, 20),
(504, 'Antolin Alcaraz', '1982-07-30', 184, 'DF', 'Club Brugge [BEL]', 22, 21),
(505, 'Aldo Bobadilla', '1976-04-20', 192, 'GK', 'Independiente Medellin [COL]', 22, 22),
(506, 'Rodolfo Gamarra', '1988-12-10', 168, 'FW', 'Libertad [PAR]', 22, 23),
(507, 'Mark Paston', '1976-12-13', 195, 'GK', 'Wellington Phoenix [NZL]', 23, 1),
(508, 'Ben Sigmund', '1981-02-03', 187, 'DF', 'Wellington Phoenix [NZL]', 23, 2),
(509, 'Tony Lochhead', '1982-01-12', 183, 'DF', 'Wellington Phoenix [NZL]', 23, 3),
(510, 'Winston Reid', '1988-07-03', 190, 'DF', 'Midtjylland [DEN]', 23, 4),
(511, 'Ivan Vicelich', '1976-09-03', 193, 'DF', 'Auckland City [NZL]', 23, 5),
(512, 'Ryan Nelsen', '1977-10-18', 185, 'DF', 'Blackburn Rovers [ENG]', 23, 6),
(513, 'Simon Elliott', '1974-06-10', 180, 'MF', 'no club affiliation [UNK]', 23, 7),
(514, 'Tim Brown', '1981-03-06', 185, 'MF', 'Wellington Phoenix [NZL]', 23, 8),
(515, 'Shane Smeltz', '1981-09-29', 184, 'FW', 'Gold Coast United [AUS]', 23, 9),
(516, 'Chris Killen', '1981-10-08', 188, 'FW', 'Middlesbrough [ENG]', 23, 10),
(517, 'Leo Bertos', '1981-12-20', 177, 'MF', 'Wellington Phoenix [NZL]', 23, 11),
(518, 'Glen Moss', '1983-01-19', 188, 'GK', 'Melbourne Victory [AUS]', 23, 12),
(519, 'Andy Barron', '1980-12-24', 178, 'MF', 'Team Wellington [NZL]', 23, 13),
(520, 'Rory Fallon', '1982-03-20', 191, 'FW', 'Plymouth Argyle [ENG]', 23, 14),
(521, 'Michael Mcglinchey', '1987-01-07', 173, 'MF', 'Motherwell [SCO]', 23, 15),
(522, 'Aaron Clapham', '1987-01-15', 172, 'MF', 'Canterbury Utd. [NZL]', 23, 16),
(523, 'Dave Mulligan', '1982-03-24', 173, 'MF', 'no club affiliation [UNK]', 23, 17),
(524, 'Andy Boyens', '1983-09-18', 192, 'DF', 'New York Red Bulls [USA]', 23, 18),
(525, 'Tommy Smith', '1990-03-31', 187, 'DF', 'Ipswich Town [ENG]', 23, 19),
(526, 'Chris Wood', '1991-12-07', 191, 'FW', 'West Bromwich Albion [ENG]', 23, 20),
(527, 'Jeremy Christie', '1983-05-22', 180, 'MF', 'Tampa Bay [USA]', 23, 21),
(528, 'Jeremy Brockie', '1987-10-07', 182, 'FW', 'North Queensland Fury [AUS]', 23, 22),
(529, 'James Bannatyne', '1975-06-30', 195, 'GK', 'Team Wellington [NZL]', 23, 23),
(530, 'Jan Mucha', '1982-12-05', 189, 'GK', 'Legia Warsaw [POL]', 24, 1),
(531, 'Peter Pekarik', '1986-10-30', 176, 'DF', 'Wolfsburg [GER]', 24, 2),
(532, 'Martin Skrtel', '1984-12-15', 188, 'DF', 'Liverpool [ENG]', 24, 3),
(533, 'Marek Cech', '1983-01-26', 181, 'DF', 'West Bromwich Albion [ENG]', 24, 4),
(534, 'Radoslav Zabavnik', '1980-09-16', 180, 'DF', 'Mainz 05 [GER]', 24, 5),
(535, 'Zdenko Strba', '1976-06-09', 187, 'MF', 'Xanthi [GRE]', 24, 6),
(536, 'Vladimir Weiss', '1989-11-30', 176, 'MF', 'Manchester City [ENG]', 24, 7),
(537, 'Jan Kozak', '1980-04-22', 192, 'MF', 'Timisoara [ROU]', 24, 8),
(538, 'Stanislav Sestak', '1982-12-16', 178, 'FW', 'Bochum [GER]', 24, 9),
(539, 'Marek Sapara', '1982-07-31', 176, 'MF', 'Ankaragucu [TUR]', 24, 10),
(540, 'Robert Vittek', '1982-04-01', 188, 'FW', 'Ankaragucu [TUR]', 24, 11),
(541, 'Dusan Pernis', '1984-11-28', 190, 'GK', 'Dundee Utd. [SCO]', 24, 12),
(542, 'Filip Holosko', '1984-01-17', 186, 'FW', 'Besiktas [TUR]', 24, 13),
(543, 'Martin Jakubko', '1980-02-26', 193, 'FW', 'FC Moscow [RUS]', 24, 14),
(544, 'Miroslav Stoch', '1989-10-19', 168, 'MF', 'Twente Enschede [NED]', 24, 15),
(545, 'Jan Durica', '1981-12-10', 187, 'DF', 'Hannover 96 [GER]', 24, 16),
(546, 'Marek Hamsik', '1987-07-27', 184, 'MF', 'Napoli [ITA]', 24, 17),
(547, 'Erik Jendrisek', '1986-10-26', 176, 'FW', 'Kaiserslautern [GER]', 24, 18),
(548, 'Juraj Kucka', '1987-02-26', 186, 'MF', 'Sparta Prague [CZE]', 24, 19),
(549, 'Kamil Kopunek', '1984-05-18', 180, 'MF', 'Spartak Trnava [SVK]', 24, 20),
(550, 'Kornel Salata', '1985-01-24', 190, 'DF', 'Slovan Bratislava [SVK]', 24, 21),
(551, 'Martin Petras', '1979-11-02', 187, 'DF', 'Cesena [ITA]', 24, 22),
(552, 'Dusan Kuciak', '1985-05-21', 195, 'GK', 'Vaslui [ROU]', 24, 23),
(553, 'Julio Cesar', '1979-09-03', 186, 'GK', 'Inter [ITA]', 25, 1),
(554, 'Maicon', '1981-07-26', 186, 'DF', 'Inter [ITA]', 25, 2),
(555, 'Lucio', '1978-05-08', 188, 'DF', 'Inter [ITA]', 25, 3),
(556, 'Juan', '1979-02-01', 182, 'DF', 'AS Roma [ITA]', 25, 4),
(557, 'Felipe Melo', '1983-06-26', 183, 'MF', 'Juventus [ITA]', 25, 5),
(558, 'Michel Bastos', '1983-08-02', 179, 'DF', 'Lyon [FRA]', 25, 6),
(559, 'Elano', '1981-06-14', 174, 'MF', 'Galatasaray [TUR]', 25, 7),
(560, 'Gilberto Silva', '1976-10-07', 184, 'MF', 'Panathinaikos [GRE]', 25, 8),
(561, 'Luis Fabiano', '1980-11-08', 186, 'FW', 'Sevilla FC [ESP]', 25, 9),
(562, 'Kaka', '1982-04-22', 186, 'MF', 'Real Madrid [ESP]', 25, 10),
(563, 'Robinho', '1984-01-25', 175, 'FW', 'Santos [BRA]', 25, 11),
(564, 'Gomes', '1981-02-15', 191, 'GK', 'Tottenham Hotspur [ENG]', 25, 12),
(565, 'Dani Alves', '1983-05-06', 173, 'DF', 'Barcelona [ESP]', 25, 13),
(566, 'Luisao', '1981-02-13', 193, 'DF', 'Benfica [POR]', 25, 14),
(567, 'Thiago Silva', '1984-09-22', 183, 'DF', 'AC Milan [ITA]', 25, 15),
(568, 'Gilberto Melo', '1976-04-25', 180, 'DF', 'Cruzeiro [BRA]', 25, 16),
(569, 'Josue', '1979-07-19', 169, 'MF', 'Wolfsburg [GER]', 25, 17),
(570, 'Ramires', '1987-03-24', 179, 'MF', 'Benfica [POR]', 25, 18),
(571, 'Julio Baptista', '1981-10-01', 185, 'MF', 'AS Roma [ITA]', 25, 19),
(572, 'Kleberson', '1979-06-19', 175, 'MF', 'Flamengo [BRA]', 25, 20),
(573, 'Nilmar', '1984-07-14', 180, 'FW', 'Villarreal [ESP]', 25, 21),
(574, 'Doni', '1979-10-22', 194, 'GK', 'AS Roma [ITA]', 25, 22),
(575, 'Grafite', '1979-04-02', 189, 'FW', 'Wolfsburg [GER]', 25, 23),
(576, 'Ri Myong Guk', '1986-09-09', 187, 'GK', 'Pyongyang City [PRK]', 26, 1),
(577, 'Cha Jong Hyok', '1985-09-25', 178, 'DF', 'Amrokgang [PRK]', 26, 2),
(578, 'Ri Jun Il', '1987-08-24', 178, 'DF', 'Sobaeksu [PRK]', 26, 3),
(579, 'Pak Nam Chol', '1985-07-02', 172, 'MF', 'April 25 [PRK]', 26, 4),
(580, 'Ri Kwang Chon', '1985-09-04', 183, 'DF', 'April 25 [PRK]', 26, 5),
(581, 'Kim Kum Il', '1987-10-10', 170, 'MF', 'April 25 [PRK]', 26, 6),
(582, 'An Chol Hyok', '1987-06-27', 178, 'FW', 'Rimyongsu [PRK]', 26, 7),
(583, 'Ji Yun Nam', '1976-11-20', 172, 'DF', 'April 25 [PRK]', 26, 8),
(584, 'Jong Tae Se', '1984-03-02', 181, 'FW', 'Kawasaki Frontale [JPN]', 26, 9),
(585, 'Hong Yong Jo', '1982-05-22', 174, 'FW', 'FK Rostov [RUS]', 26, 10),
(586, 'Mun In Guk', '1978-09-29', 167, 'MF', 'April 25 [PRK]', 26, 11),
(587, 'Choe Kum Chol', '1987-02-09', 178, 'FW', 'April 25 [PRK]', 26, 12),
(588, 'Pak Chol Jin', '1985-09-05', 184, 'DF', 'Amrokgang [PRK]', 26, 13),
(589, 'Pak Nam Chol', '1988-10-03', 183, 'DF', 'Amrokgang [PRK]', 26, 14),
(590, 'Kim Yong Jun', '1983-07-19', 182, 'MF', 'Pyongyang City [PRK]', 26, 15),
(591, 'Nam Song Chol', '1982-05-07', 178, 'DF', 'April 25 [PRK]', 26, 16),
(592, 'An Yong Hak', '1978-10-25', 182, 'MF', 'Omiya Ardija [JPN]', 26, 17),
(593, 'Kim Myong Gil', '1984-10-16', 181, 'GK', 'Amrokgang [PRK]', 26, 18),
(594, 'Ri Chol Myong', '1988-02-18', 173, 'MF', 'Pyongyang City [PRK]', 26, 19),
(595, 'Kim Myong Won', '1983-07-15', 180, 'GK', 'Amrokgang [PRK]', 26, 20),
(596, 'Ri Kwang Hyok', '1987-08-17', 178, 'DF', 'Kyonggongop [PRK]', 26, 21),
(597, 'Kim Kyong Il', '1988-12-11', 174, 'MF', 'Rimyongsu [PRK]', 26, 22),
(598, 'Pak Sung Hyok', '1990-05-30', 175, 'MF', 'Sobaeksu [PRK]', 26, 23),
(599, 'Boubacar Barry', '1979-12-30', 180, 'GK', 'Lokeren [BEL]', 27, 1),
(600, 'Brou Angoua', '1986-11-28', 178, 'DF', 'Valenciennes [FRA]', 27, 2),
(601, 'Arthur Boka', '1983-04-02', 166, 'DF', 'VfB Stuttgart [GER]', 27, 3),
(602, 'Kolo Toure', '1981-03-19', 183, 'DF', 'Manchester City [ENG]', 27, 4),
(603, 'Didier Zokora', '1980-12-14', 183, 'MF', 'Sevilla FC [ESP]', 27, 5),
(604, 'Steve Gohouri', '1981-02-08', 187, 'DF', 'Wigan [ENG]', 27, 6),
(605, 'Seydou Doumbia', '1987-12-31', 183, 'FW', 'Young Boys [SUI]', 27, 7),
(606, 'Salomon Kalou', '1985-08-05', 175, 'FW', 'Chelsea [ENG]', 27, 8),
(607, 'Ismael Tiote', '1986-06-21', 175, 'MF', 'Twente Enschede [NED]', 27, 9),
(608, 'Gervinho', '1987-05-27', 179, 'FW', 'Lille [FRA]', 27, 10),
(609, 'Didier Drogba', '1978-03-11', 180, 'FW', 'Chelsea [ENG]', 27, 11),
(610, 'Jean Jacques Gosso', '1983-03-15', 177, 'MF', 'Monaco [FRA]', 27, 12),
(611, 'Romaric', '1983-06-04', 187, 'MF', 'Sevilla FC [ESP]', 27, 13),
(612, 'Emmanuel Kone', '1986-12-31', 177, 'MF', 'International [ROU]', 27, 14),
(613, 'Aruna Dindane', '1980-11-26', 174, 'FW', 'Portsmouth [ENG]', 27, 15),
(614, 'Aristide Zogbo', '1981-12-30', 183, 'GK', 'Maccabi Netanya [ISR]', 27, 16),
(615, 'Siaka Tiene', '1982-02-22', 176, 'DF', 'Valenciennes [FRA]', 27, 17),
(616, 'Kader Keita', '1981-08-06', 184, 'FW', 'Galatasaray [TUR]', 27, 18),
(617, 'Yaya Toure', '1983-05-13', 189, 'MF', 'Barcelona [ESP]', 27, 19),
(618, 'Guy Demel', '1981-06-13', 191, 'DF', 'Hamburger SV [GER]', 27, 20),
(619, 'Emmanuel Eboue', '1983-06-04', 178, 'DF', 'Arsenal [ENG]', 27, 21),
(620, 'Souleymane Bamba', '1985-01-13', 190, 'DF', 'Hibernian [SCO]', 27, 22),
(621, 'Daniel Yeboah', '1984-11-13', 187, 'GK', 'ASEC Mimosas [CIV]', 27, 23),
(622, 'Eduardo', '1982-09-19', 187, 'GK', 'Braga [POR]', 28, 1),
(623, 'Bruno Alves', '1981-11-27', 187, 'DF', 'Porto [POR]', 28, 2),
(624, 'Paulo Ferreira', '1979-01-18', 181, 'DF', 'Chelsea [ENG]', 28, 3),
(625, 'Rolando', '1985-08-31', 189, 'DF', 'Porto [POR]', 28, 4),
(626, 'Duda', '1980-06-27', 175, 'DF', 'Malaga [ESP]', 28, 5),
(627, 'Ricardo Carvalho', '1978-05-18', 183, 'DF', 'Chelsea [ENG]', 28, 6),
(628, 'Cristiano Ronaldo', '1985-02-05', 185, 'FW', 'Real Madrid [ESP]', 28, 7),
(629, 'Pedro Mendes', '1979-02-26', 177, 'MF', 'Sporting Lisbon [POR]', 28, 8),
(630, 'Liedson', '1977-12-17', 173, 'FW', 'Sporting Lisbon [POR]', 28, 9),
(631, 'Danny', '1983-08-07', 179, 'FW', 'Zenit St Petersburg [RUS]', 28, 10),
(632, 'Simao', '1979-10-31', 170, 'FW', 'Atletico Madrid [ESP]', 28, 11),
(633, 'Beto', '1982-05-01', 183, 'GK', 'Porto [POR]', 28, 12),
(634, 'Miguel', '1980-01-04', 175, 'DF', 'Valencia [ESP]', 28, 13),
(635, 'Miguel Veloso', '1986-05-11', 181, 'MF', 'Sporting Lisbon [POR]', 28, 14),
(636, 'Pepe', '1983-02-26', 186, 'MF', 'Real Madrid [ESP]', 28, 15),
(637, 'Raul Meireles', '1983-03-17', 179, 'MF', 'Porto [POR]', 28, 16),
(638, 'Nani', '1986-11-17', 175, 'FW', 'Manchester Utd. [ENG]', 28, 17),
(639, 'Hugo Almeida', '1984-05-23', 193, 'FW', 'Werder Bremen [GER]', 28, 18),
(640, 'Tiago', '1981-05-02', 183, 'MF', 'Atletico Madrid [ESP]', 28, 19),
(641, 'Deco', '1977-08-27', 175, 'MF', 'Chelsea [ENG]', 28, 20),
(642, 'Ricardo Costa', '1981-05-16', 183, 'DF', 'Lille [FRA]', 28, 21),
(643, 'Daniel Fernandes', '1983-09-25', 194, 'GK', 'Iraklis [GRE]', 28, 22),
(644, 'Fabio Coentrao', '1988-03-11', 181, 'DF', 'Benfica [POR]', 28, 23),
(645, 'Iker Casillas', '1981-05-20', 184, 'GK', 'Real Madrid [ESP]', 29, 1),
(646, 'Raul Albiol', '1985-09-04', 187, 'DF', 'Real Madrid [ESP]', 29, 2),
(647, 'Gerard Pique', '1987-02-02', 192, 'DF', 'Barcelona [ESP]', 29, 3),
(648, 'Carlos Marchena', '1979-07-31', 182, 'DF', 'Valencia [ESP]', 29, 4),
(649, 'Carles Puyol', '1978-04-13', 178, 'DF', 'Barcelona [ESP]', 29, 5),
(650, 'Andres Iniesta', '1984-05-11', 170, 'MF', 'Barcelona [ESP]', 29, 6),
(651, 'David Villa', '1981-12-03', 175, 'FW', 'Valencia [ESP]', 29, 7),
(652, 'Xavi', '1980-01-25', 170, 'MF', 'Barcelona [ESP]', 29, 8),
(653, 'Fernando Torres', '1984-03-20', 181, 'FW', 'Liverpool [ENG]', 29, 9),
(654, 'Cesc Fabregas', '1987-05-04', 175, 'MF', 'Arsenal [ENG]', 29, 10),
(655, 'Joan Capdevila', '1978-02-03', 182, 'DF', 'Villarreal [ESP]', 29, 11),
(656, 'Victor Valdes', '1982-01-14', 183, 'GK', 'Barcelona [ESP]', 29, 12),
(657, 'Juan Manuel Mata', '1988-04-28', 174, 'FW', 'Valencia [ESP]', 29, 13),
(658, 'Xabi Alonso', '1981-11-25', 183, 'MF', 'Real Madrid [ESP]', 29, 14),
(659, 'Sergio Ramos', '1986-03-30', 183, 'DF', 'Real Madrid [ESP]', 29, 15),
(660, 'Sergio Busquets', '1988-07-16', 189, 'MF', 'Barcelona [ESP]', 29, 16),
(661, 'Alvaro Arbeloa', '1983-01-17', 184, 'DF', 'Real Madrid [ESP]', 29, 17),
(662, 'Pedro', '1987-07-28', 169, 'FW', 'Barcelona [ESP]', 29, 18),
(663, 'Fernando Llorente', '1985-02-26', 194, 'FW', 'Athletic Bilbao [ESP]', 29, 19),
(664, 'Javier Martinez', '1988-09-02', 190, 'MF', 'Athletic Bilbao [ESP]', 29, 20),
(665, 'David Silva', '1986-01-08', 177, 'MF', 'Valencia [ESP]', 29, 21),
(666, 'Jesus Navas', '1985-11-21', 172, 'FW', 'Sevilla FC [ESP]', 29, 22),
(667, 'Pepe Reina', '1982-08-31', 187, 'GK', 'Liverpool [ENG]', 29, 23),
(668, 'Diego Benaglio', '1983-09-08', 193, 'GK', 'Wolfsburg [GER]', 30, 1),
(669, 'Stephan Lichtsteiner', '1984-01-16', 180, 'DF', 'Lazio [ITA]', 30, 2),
(670, 'Ludovic Magnin', '1979-04-20', 186, 'DF', 'FC Zurich [SUI]', 30, 3),
(671, 'Philippe Senderos', '1985-02-14', 190, 'DF', 'Everton [ENG]', 30, 4),
(672, 'Steve Von Bergen', '1983-06-10', 183, 'DF', 'Hertha Berlin [GER]', 30, 5),
(673, 'Benjamin Huggel', '1977-07-07', 190, 'MF', 'Basel [SUI]', 30, 6),
(674, 'Tranquillo Barnetta', '1985-05-22', 178, 'MF', 'Bayer Leverkusen [GER]', 30, 7),
(675, 'Gokhan Inler', '1984-06-27', 183, 'MF', 'Udinese [ITA]', 30, 8),
(676, 'Alexander Frei', '1979-07-15', 180, 'FW', 'Basel [SUI]', 30, 9),
(677, 'Blaise Nkufo', '1975-05-25', 186, 'FW', 'Twente Enschede [NED]', 30, 10),
(678, 'Valon Behrami', '1985-04-19', 184, 'MF', 'West Ham Utd. [ENG]', 30, 11),
(679, 'Marco Woelfli', '1982-08-22', 185, 'GK', 'Young Boys [SUI]', 30, 12),
(680, 'Stephane Grichting', '1979-03-30', 186, 'DF', 'Auxerre [FRA]', 30, 13),
(681, 'Marco Padalino', '1983-12-08', 177, 'MF', 'Sampdoria [ITA]', 30, 14),
(682, 'Hakan Yakin', '1977-02-22', 180, 'MF', 'Lucerne [SUI]', 30, 15),
(683, 'Gelson Fernandes', '1986-09-02', 183, 'MF', 'Saint-Etienne [FRA]', 30, 16),
(684, 'Reto Ziegler', '1986-01-16', 183, 'DF', 'Sampdoria [ITA]', 30, 17),
(685, 'Albert Bunjaku', '1983-11-29', 178, 'FW', 'Nuremberg [GER]', 30, 18),
(686, 'Eren Derdiyok', '1988-06-12', 190, 'FW', 'Bayer Leverkusen [GER]', 30, 19),
(687, 'Pirmin Schwegler', '1987-03-09', 178, 'MF', 'Eintracht Frankfurt [GER]', 30, 20),
(688, 'Johnny Leoni', '1984-06-30', 189, 'GK', 'FC Zurich [SUI]', 30, 21),
(689, 'Mario Eggimann', '1981-01-24', 184, 'DF', 'Hannover 96 [GER]', 30, 22),
(690, 'Xherdan Shaqiri', '1991-10-10', 169, 'MF', 'Basel [SUI]', 30, 23),
(691, 'Ricardo Canales', '1982-05-30', 180, 'GK', 'Motagua [HON]', 31, 1),
(692, 'Osman Chavez', '1984-07-29', 187, 'DF', 'Platense [HON]', 31, 2),
(693, 'Maynor Figueroa', '1983-05-02', 182, 'DF', 'Wigan [ENG]', 31, 3),
(694, 'Jhony Palacios', '1986-12-20', 182, 'DF', 'Olimpia Tegucigalpa [HON]', 31, 4),
(695, 'Victor Bernardez', '1982-05-24', 187, 'DF', 'Anderlecht [BEL]', 31, 5),
(696, 'Hendry Thomas', '1985-02-23', 180, 'MF', 'Wigan [ENG]', 31, 6),
(697, 'Ramon Nunez', '1985-11-14', 169, 'MF', 'Olimpia Tegucigalpa [HON]', 31, 7),
(698, 'Wilson Palacios', '1984-07-29', 176, 'MF', 'Tottenham Hotspur [ENG]', 31, 8),
(699, 'Carlos Pavon', '1973-10-09', 180, 'FW', 'Real Espana [HON]', 31, 9),
(700, 'Julio Cesar De Leon', '1979-09-13', 170, 'MF', 'Torino [ITA]', 31, 10),
(701, 'David Suazo', '1979-11-05', 183, 'FW', 'Genoa [ITA]', 31, 11),
(702, 'George Welcome', '1985-03-09', 192, 'FW', 'Motagua [HON]', 31, 12),
(703, 'Roger Espinoza', '1986-10-25', 178, 'FW', 'Kansas City Wizards [USA]', 31, 13),
(704, 'Oscar Garcia', '1984-09-04', 176, 'DF', 'Olimpia Tegucigalpa [HON]', 31, 14),
(705, 'Walter Martinez', '1982-03-24', 166, 'FW', 'Marathon [HON]', 31, 15),
(706, 'Mauricio Sabillon', '1978-11-11', 180, 'DF', 'Hangzhou Greentown [CHN]', 31, 16),
(707, 'Edgar Alvarez', '1980-01-18', 170, 'MF', 'Bari [ITA]', 31, 17),
(708, 'Noel Valladares', '1977-05-03', 179, 'GK', 'Olimpia Tegucigalpa [HON]', 31, 18),
(709, 'Danilo Turcios', '1978-05-08', 166, 'MF', 'Olimpia Tegucigalpa [HON]', 31, 19),
(710, 'Amado Guevara', '1976-05-02', 176, 'MF', 'Motagua [HON]', 31, 20),
(711, 'Emilio Izaguirre', '1986-05-10', 178, 'DF', 'Motagua [HON]', 31, 21),
(712, 'Donis Escober', '1981-02-03', 180, 'GK', 'Olimpia Tegucigalpa [HON]', 31, 22),
(713, 'Sergio Mendoza', '1981-05-23', 177, 'DF', 'Motagua [HON]', 31, 23),
(714, 'Claudio Bravo', '1983-04-13', 183, 'GK', 'Real Sociedad [ESP]', 32, 1),
(715, 'Ismael Fuentes', '1981-08-04', 181, 'DF', 'Univ. Catolica [CHI]', 32, 2),
(716, 'Waldo Ponce', '1982-12-04', 183, 'DF', 'Univ. Catolica [CHI]', 32, 3),
(717, 'Mauricio Isla', '1988-06-12', 177, 'DF', 'Udinese [ITA]', 32, 4),
(718, 'Pablo Contreras', '1978-09-11', 178, 'DF', 'PAOK [GRE]', 32, 5),
(719, 'Carlos Carmona', '1987-02-21', 179, 'MF', 'Reggina [ITA]', 32, 6),
(720, 'Alexis Sanchez', '1988-12-19', 168, 'FW', 'Udinese [ITA]', 32, 7),
(721, 'Arturo Vidal', '1987-05-22', 178, 'MF', 'Bayer Leverkusen [GER]', 32, 8),
(722, 'Humberto Suazo', '1981-05-10', 171, 'FW', 'Zaragoza [ESP]', 32, 9),
(723, 'Jorge Valdivia', '1983-10-19', 173, 'MF', 'Al Ain [UAE]', 32, 10),
(724, 'Mark Gonzalez', '1984-07-10', 175, 'FW', 'CSKA Moscow [RUS]', 32, 11),
(725, 'Miguel Pinto', '1983-07-04', 180, 'GK', 'Univ. de Chile [CHI]', 32, 12),
(726, 'Marco Estrada', '1983-05-28', 174, 'MF', 'Univ. de Chile [CHI]', 32, 13),
(727, 'Matias Fernandez', '1986-05-15', 176, 'MF', 'Sporting Lisbon [POR]', 32, 14),
(728, 'Jean Beausejour', '1984-06-01', 178, 'FW', 'America [MEX]', 32, 15),
(729, 'Fabian Orellana', '1986-01-27', 168, 'FW', 'Xerez [ESP]', 32, 16),
(730, 'Gary Medel', '1987-08-03', 171, 'DF', 'Boca Juniors [ARG]', 32, 17),
(731, 'Gonzalo Jara', '1985-08-29', 177, 'DF', 'West Bromwich Albion [ENG]', 32, 18),
(732, 'Gonzalo Fierro', '1983-03-21', 171, 'MF', 'Flamengo [BRA]', 32, 19),
(733, 'Rodrigo Millar', '1981-11-03', 182, 'MF', 'Colo Colo [CHI]', 32, 20),
(734, 'Rodrigo Tello', '1979-10-14', 171, 'MF', 'Besiktas [TUR]', 32, 21),
(735, 'Esteban Paredes', '1980-08-01', 179, 'FW', 'Colo Colo [CHI]', 32, 22),
(736, 'Luis Marin', '1983-05-18', 186, 'GK', 'Union Espanola [CHI]', 32, 23);

CREATE TABLE Score (
  id int,
  match_id int DEFAULT NULL,
  team_id int DEFAULT NULL,
  player_id int DEFAULT NULL,
  minute varchar(10) DEFAULT NULL,
  score_type int DEFAULT NULL,
  PRIMARY KEY (id)
);

INSERT INTO Score (id, match_id, team_id, player_id, minute, score_type) VALUES
(1, 1, 1, 8, '55', 1),
(2, 1, 2, 27, '79', 1),
(3, 17, 3, 56, '24', 1),
(4, 17, 3, 56, '80', 2),
(5, 17, 3, 57, '90+5', 3),
(7, 20, 2, 33, '79', 2),
(6, 20, 2, 37, '64', 1),
(8, 4, 7, 152, '7', 1),
(9, 4, 7, 145, '52', 1),
(10, 3, 5, 98, '6', 1),
(11, 19, 8, 175, '44', 1),
(12, 19, 8, 176, '71', 1),
(13, 19, 6, 127, '16', 1),
(14, 18, 5, 148, '17', 5),
(15, 18, 7, 155, '45+1', 3),
(16, 18, 5, 101, '33', 1),
(17, 18, 5, 101, '76', 1),
(18, 18, 5, 101, '80', 1),
(19, 5, 9, 188, '4', 1),
(20, 5, 10, 215, '40', 1),
(21, 6, 12, 261, '79', 1),
(22, 22, 12, 263, '13', 1),
(23, 22, 12, 262, '42', 1),
(24, 22, 10, 217, '48', 1),
(25, 22, 10, 211, '82', 1),
(26, 8, 13, 332, '8', 1),
(27, 8, 13, 333, '26', 1),
(28, 8, 13, 335, '68', 1),
(29, 8, 13, 341, '70', 1),
(30, 7, 16, 302, '85', 2),
(31, 21, 15, 290, '38', 1),
(32, 25, 16, 302, '25', 2),
(33, 25, 14, 359, '11', 1),
(34, 9, 17, 395, '46', 5),
(35, 9, 17, 375, '85', 1),
(36, 10, 19, 432, '39', 1),
(37, 24, 17, 378, '53', 1),
(38, 26, 20, 446, '10', 1),
(39, 26, 18, 402, '33', 1),
(40, 26, 18, 410, '61', 1),
(41, 11, 21, 466, '63', 1),
(42, 11, 22, 504, '39', 1),
(43, 12, 23, 510, '90+3', 3),
(44, 12, 24, 540, '50', 1),
(45, 27, 22, 496, '27', 1),
(46, 27, 22, 499, '86', 1),
(47, 28, 21, 469, '29', 2),
(48, 28, 23, 515, '7', 1),
(49, 14, 25, 554, '55', 1),
(50, 14, 25, 559, '72', 1),
(51, 14, 26, 583, '89', 1),
(52, 15, 32, 728, '34', 1),
(53, 16, 30, 683, '52', 1),
(54, 29, 25, 561, '25', 1),
(55, 29, 25, 561, '50', 1),
(56, 29, 25, 559, '62', 1),
(57, 29, 27, 609, '79', 1),
(58, 30, 28, 637, '29', 1),
(59, 30, 28, 632, '53', 1),
(60, 30, 28, 639, '56', 1),
(61, 30, 28, 640, '60', 1),
(62, 30, 28, 640, '89', 1),
(63, 30, 28, 630, '81', 1),
(64, 30, 28, 628, '87', 1),
(65, 31, 32, 724, '75', 1),
(66, 32, 29, 651, '17', 1),
(67, 32, 29, 651, '51', 1),
(68, 34, 1, 20, '20', 1),
(69, 34, 1, 9, '37', 1),
(70, 33, 3, 55, '43', 1),
(71, 34, 4, 84, '70', 1),
(72, 35, 6, 127, '12', 1),
(73, 35, 6, 123, '69', 2),
(74, 35, 7, 152, '38', 1),
(75, 35, 7, 148, '49', 1),
(76, 36, 5, 94, '77', 1),
(77, 36, 5, 110, '89', 1),
(78, 37, 9, 203, '23', 1),
(79, 38, 10, 217, '90+1', 3),
(80, 39, 13, 330, '60', 1),
(81, 40, 14, 349, '69', 1),
(82, 40, 14, 359, '73', 1),
(83, 40, 15, 285, '84', 1),
(84, 41, 24, 540, '25', 1),
(85, 41, 24, 540, '73', 1),
(86, 41, 21, 470, '81', 1),
(87, 41, 24, 549, '89', 1),
(88, 41, 21, 478, '90+2', 3),
(89, 43, 19, 432, '17', 1),
(90, 43, 19, 421, '30', 1),
(91, 43, 19, 423, '87', 1),
(92, 43, 18, 400, '81', 1),
(93, 44, 20, 446, '65', 2),
(94, 44, 17, 377, '36', 1),
(95, 44, 17, 389, '83', 1),
(96, 45, 27, 617, '14', 1),
(97, 45, 27, 611, '20', 1),
(98, 45, 27, 606, '82', 1),
(99, 48, 32, 733, '47', 1),
(100, 48, 29, 651, '24', 1),
(101, 48, 29, 650, '37', 1),
(102, 49, 3, 55, '8', 1),
(103, 49, 3, 55, '80', 1),
(104, 49, 7, 155, '68', 1),
(105, 50, 16, 322, '5', 1),
(106, 50, 10, 217, '62', 2),
(107, 50, 16, 302, '93', 4),
(108, 51, 13, 333, '20', 1),
(109, 51, 13, 332, '32', 1),
(110, 51, 13, 335, '67', 1),
(111, 51, 13, 335, '70', 1),
(112, 51, 9, 199, '37', 1),
(113, 52, 5, 103, '26', 1),
(114, 52, 5, 103, '52', 1),
(115, 52, 5, 101, '33', 1),
(116, 52, 2, 37, '71', 1),
(117, 53, 17, 379, '18', 1),
(118, 53, 17, 378, '84', 1),
(119, 53, 24, 540, '90+4', 2),
(120, 54, 25, 556, '35', 1),
(121, 54, 25, 561, '38', 1),
(122, 54, 25, 563, '59', 1),
(123, 55, 22, 491, '1', 6),
(124, 55, 22, 502, '2', 6),
(125, 55, 22, 499, '3', 6),
(126, 55, 22, 501, '4', 6),
(127, 55, 22, 490, '5', 6),
(128, 55, 19, 421, '1', 6),
(129, 55, 19, 431, '2', 6),
(130, 55, 19, 417, '3', 7),
(131, 55, 19, 432, '4', 6),
(132, 56, 29, 651, '63', 1),
(133, 57, 25, 563, '10', 1),
(134, 57, 17, 378, '53', 1),
(135, 57, 17, 378, '68', 1),
(136, 58, 3, 56, '55', 1),
(137, 58, 16, 310, '45+2', 3),
(138, 58, 3, 56, '1', 6),
(139, 58, 3, 52, '2', 6),
(140, 58, 3, 65, '3', 6),
(141, 58, 3, 62, '4', 7),
(142, 58, 3, 59, '5', 6),
(143, 58, 16, 302, '1', 6),
(144, 58, 16, 309, '2', 6),
(145, 58, 16, 307, '3', 7),
(146, 58, 16, 317, '4', 7),
(147, 59, 13, 335, '3', 1),
(148, 59, 13, 333, '68', 1),
(149, 59, 13, 333, '89', 1),
(150, 59, 13, 325, '74', 1),
(151, 60, 29, 651, '83', 1),
(152, 61, 17, 373, '18', 1),
(153, 61, 17, 378, '70', 1),
(154, 61, 17, 379, '73', 1),
(155, 61, 3, 56, '41', 1),
(156, 61, 3, 62, '90+2', 3),
(157, 62, 29, 649, '73', 1),
(158, 63, 3, 53, '28', 1),
(159, 63, 3, 56, '51', 1),
(160, 63, 13, 335, '19', 1),
(161, 63, 13, 324, '56', 1),
(162, 63, 13, 328, '82', 1),
(163, 64, 29, 650, '116', 4);

CREATE TABLE Stage (
  id int,
  name varchar(100) DEFAULT NULL,
  PRIMARY KEY (id)
);


INSERT INTO Stage (id, name) VALUES
(1, 'Group'),
(6, 'Final'),
(2, 'Round of 16'),
(3, 'Quarter-finals'),
(4, 'Semi-finals'),
(5, 'Match for third place');
